<ImportExportXml xmlns:xsi="http://www.w3.org/2001/XMLSchema-instance">
  <Entities>
    <Entity>
      <Name LocalizedName="Account" OriginalName="">Account</Name>
      <FormXml>
        <forms type="main">
          <systemform>
            <formid>{6df8e8ce-7655-468c-925e-660d59aa7f4c}</formid>
            <IntroducedVersion>1.0.0.2</IntroducedVersion>
            <FormPresentation>1</FormPresentation>
            <FormActivationState>0</FormActivationState>
            <form></form>
            <LocalizedNames>
              <LocalizedName description="TimelineWallControl - Account- Main" languagecode="1033" />
            </LocalizedNames>
            <Descriptions>
              <Description description="Form to display timeline for account" languagecode="1033" />
            </Descriptions>
          </systemform>
          <systemform>
            <formid>{ff49442f-8c60-4877-bdae-8fe51e6f4636}</formid>
            <IntroducedVersion>1.0</IntroducedVersion>
            <FormPresentation>0</FormPresentation>
            <FormActivationState>0</FormActivationState>
            <form>
              <tabs>
                <tab name="SUMMARY_TAB" id="{3fbb0e51-c6a6-42a1-8113-3b19558132f2}" IsUserDefined="0" showlabel="false" expanded="true" locklevel="0" labelid="{2f560d24-d34e-4924-bea4-0a8b7a4795f1}" ordinalvalue="1" solutionaction="Modified" />
                <tab name="DETAILS_TAB" id="{d76404cc-4248-474a-bc6a-8fb250ef6268}" IsUserDefined="0" showlabel="true" expanded="true" labelid="{0e36d881-8032-4ac0-b8c0-1eefd8165f88}" ordinalvalue="2" solutionaction="Modified" />
                <tab name="tab_recordwall" id="{e94e6ac4-12db-bc8c-ec81-8b20c5987655}" IsUserDefined="0" locklevel="0" showlabel="true" expanded="false" labelid="{df93512d-b0d7-4f4c-8761-da24c4693637}" ordinalvalue="0" solutionaction="Added">
                  <labels>
                    <label description="What's New" languagecode="1033" />
                  </labels>
                  <columns>
                    <column width="100%" id="0">
                      <sections>
                        <section name="tab_recordwall_section_1" showlabel="false" showbar="false" locklevel="0" id="{ac0addcc-a626-6c98-40ee-b11edac36204}" IsUserDefined="0" layout="varwidth" columns="1" labelwidth="115" celllabelalignment="Left" celllabelposition="Left" labelid="{c14df925-1952-4542-bdf8-5adabc008708}" ordinalvalue="0">
                          <labels>
                            <label description="Section" languagecode="1033" />
                          </labels>
                          <rows>
                            <row>
                              <cell id="{be13b312-b6ac-83d7-34e1-e90dc1ecbec7}" showlabel="false" colspan="1" auto="false" rowspan="15" labelid="{52f06136-237d-4bad-9de3-25b4ce685e9d}" ordinalvalue="10000">
                                <labels>
                                  <label description="RecordWall" languagecode="1033" />
                                </labels>
                                <control id="WebResource_RecordWall" classid="{9FDF5F91-88B1-47f4-AD53-C11EFC01A01D}">
                                  <parameters>
                                    <Url>msdyn_/RecordWall.htm</Url>
                                    <PassParameters>true</PassParameters>
                                    <Security>false</Security>
                                    <Scrolling>auto</Scrolling>
                                    <Border>false</Border>
                                  </parameters>
                                </control>
                                <events>
                                  <event name="onload" application="0">
                                    <dependencies />
                                  </event>
                                </events>
                              </cell>
                            </row>
                            <row />
                            <row />
                            <row />
                            <row />
                            <row />
                            <row />
                            <row />
                            <row />
                            <row />
                            <row />
                            <row />
                            <row />
                            <row />
                            <row />
                          </rows>
                        </section>
                      </sections>
                    </column>
                  </columns>
                  <events>
                    <event name="tabstatechange" application="false" active="false">
                      <Handlers>
                        <Handler functionName="ActivityFeeds.Form.CustomizationUtils.updateRecordWallRenderingState" libraryName="msdyn_/ActivityFeeds.Form.js" handlerUniqueId="{9beb6ce6-2666-8033-a406-3d68d44b9592}" enabled="true" parameters="" passExecutionContext="true" ordinalvalue="0" />
                      </Handlers>
                    </event>
                  </events>
                </tab>
              </tabs>
              <formLibraries solutionaction="Added">
                <Library name="msdyn_/ActivityFeeds.Form.js" libraryUniqueId="{4181da4c-6d13-ba3c-c859-be404e4ee2e3}" />
              </formLibraries>
            </form>
            <LocalizedNames>
              <LocalizedName description="Account for Multisession experience" languagecode="1033" />
            </LocalizedNames>
            <Descriptions>
              <Description description="Default Multisession experience Account form." languagecode="1033" />
            </Descriptions>
          </systemform>
          <systemform>
            <formid>{a72c7955-442b-4ea4-9499-b10cd18b4256}</formid>
            <IntroducedVersion>8.0.0.0</IntroducedVersion>
            <FormPresentation>2</FormPresentation>
            <FormActivationState>0</FormActivationState>
            <form></form>
            <LocalizedNames>
              <LocalizedName description="Account for Interactive experience" languagecode="1033" />
            </LocalizedNames>
            <Descriptions>
              <Description description="Default Interactive experience Account form." languagecode="1033" />
            </Descriptions>
          </systemform>
          <systemform>
            <formid>{74da4947-5d1d-4400-9f99-c6ed578211bb}</formid>
            <IntroducedVersion>6.1.0.0</IntroducedVersion>
            <FormPresentation>1</FormPresentation>
            <FormActivationState>0</FormActivationState>
            <form></form>
            <LocalizedNames>
              <LocalizedName description="Account - Mobile" languagecode="1033" />
            </LocalizedNames>
            <Descriptions>
              <Description description="This form is used for mobile technicians, with appropriate field layout." languagecode="1033" />
            </Descriptions>
          </systemform>
          <systemform>
            <formid>{cb430327-bcc1-416d-959d-db7592e685af}</formid>
            <IntroducedVersion>1.0</IntroducedVersion>
            <FormPresentation>1</FormPresentation>
            <FormActivationState>0</FormActivationState>
            <form></form>
            <LocalizedNames>
              <LocalizedName description="Sales Insights" languagecode="1033" />
            </LocalizedNames>
            <Descriptions>
              <Description description="Updated default Account form." languagecode="1033" />
            </Descriptions>
          </systemform>
          <systemform>
            <formid>{8448b78f-8f42-454e-8e2a-f8196b0419af}</formid>
            <IntroducedVersion>5.0.0.0</IntroducedVersion>
            <FormPresentation>1</FormPresentation>
            <FormActivationState>1</FormActivationState>
            <form showImage="true" shownavigationbar="true" maxWidth="1920" solutionaction="Modified">
              <tabs>
                <tab name="SUMMARY_TAB" id="{3b0b63a9-d379-689a-0ec3-e71eb4c6a841}" IsUserDefined="0" showlabel="true" expanded="true" locklevel="0" ordinalvalue="0">
                  <columns>
                    <column width="33%" id="0">
                      <sections>
                        <section name="ACCOUNT_INFORMATION" showlabel="true" showbar="false" id="{0eb92e6c-bcb8-0d52-a188-d81543ddb7cd}" IsUserDefined="0" layout="varwidth" columns="1" labelwidth="115" celllabelposition="Left" ordinalvalue="0">
                          <rows>
                            <row>
                              <cell id="{b0e82a7e-5683-d90c-308a-0d779377ea8a}" showlabel="true" locklevel="0" ordinalvalue="10000">
                                <labels>
                                  <label description="Account Name" languagecode="1033" solutionaction="Added" />
                                </labels>
                              </cell>
                            </row>
                            <row>
                              <cell id="{8b98a55e-a345-b20e-d46e-801e79d5c1c1}" showlabel="true" ordinalvalue="10002">
                                <labels>
                                  <label description="Fax" languagecode="1033" solutionaction="Added" />
                                </labels>
                              </cell>
                            </row>
                            <row>
                              <cell id="{e6441984-4343-813a-aa7e-e2747ad35390}" showlabel="true" ordinalvalue="10003">
                                <labels>
                                  <label description="Website" languagecode="1033" solutionaction="Added" />
                                </labels>
                              </cell>
                            </row>
                            <row>
                              <cell id="{87DE203E-B03C-44CC-8B06-438202B82553}" ordinalvalue="10004">
                                <labels>
                                  <label description="Parent Account" languagecode="1033" solutionaction="Added" />
                                </labels>
                              </cell>
                            </row>
                            <row>
                              <cell id="{5f38af3a-3307-47dc-b36d-d9a5de525e6e}" showlabel="true" ordinalvalue="10005">
                                <labels>
                                  <label description="Ticker Symbol" languagecode="1033" solutionaction="Added" />
                                </labels>
                              </cell>
                            </row>
                            <row>
                              <cell id="{24be16a9-e3c4-a7bb-37a6-b5c7143460e8}" showlabel="true" locklevel="0" ordinalvalue="10006">
                                <labels>
                                  <label description="Relationship Type" languagecode="1033" solutionaction="Added" />
                                </labels>
                              </cell>
                            </row>
                            <row>
                              <cell id="{ad5836b2-96b0-394d-ea36-951d0584b472}" showlabel="true" locklevel="0" ordinalvalue="10007" solutionaction="Removed" />
                            </row>
                          </rows>
                        </section>
                        <section name="ADDRESS" showlabel="true" locklevel="0" showbar="false" id="{cc0fe06e-4b5f-4648-A62d-84d1514e1fc5}" IsUserDefined="0" layout="varwidth" columns="1" labelwidth="115" celllabelposition="Left" ordinalvalue="1" solutionaction="Removed" />
                        <section name="MapSection" showlabel="false" showbar="false" id="{e1c565b8-7db7-4a44-b4e7-281614ff849b}" IsUserDefined="0" layout="varwidth" columns="1" labelwidth="115" celllabelposition="Left" ordinalvalue="2" solutionaction="Removed" />
                      </sections>
                    </column>
                    <column width="42%" id="1">
                      <sections>
                        <section name="SOCIAL_PANE_TAB" showlabel="false" showbar="false" id="{7a073b7c-5422-2418-3d26-b2a7eb290832}" IsUserDefined="0" layout="varwidth" columns="1" labelwidth="115" celllabelposition="Top" locklevel="0" celllabelalignment="Left" ordinalvalue="0" solutionaction="Removed" />
                        <section id="{238aabeb-76fa-4fae-8976-96426b458096}" name="SUMMARY_TAB_column_2_section_1" columns="11" showlabel="false" showbar="false" IsUserDefined="0" ordinalvalue="0" solutionaction="Added">
                          <labels>
                            <label description="section" languagecode="1033" />
                          </labels>
                          <rows>
                            <row>
                              <cell id="{415a5323-f875-440c-880b-d68ab5b59ce1}" ordinalvalue="10000">
                                <labels>
                                  <label description="" languagecode="1033" />
                                </labels>
                              </cell>
                              <cell id="{9325d8cd-f5e9-41f5-9e05-1ec88e6686c2}" ordinalvalue="20001">
                                <labels>
                                  <label description="" languagecode="1033" />
                                </labels>
                              </cell>
                            </row>
                          </rows>
                        </section>
                      </sections>
                    </column>
                    <column width="25%" id="2">
                      <sections>
                        <section name="Summary_section_6" showlabel="false" showbar="false" locklevel="0" id="{ea3bb0a6-b9dc-1b0e-5e7d-74a380ee79a3}" IsUserDefined="0" layout="varwidth" columns="1" labelwidth="115" ordinalvalue="0" solutionaction="Removed" />
                        <section name="SUMMARY_TAB_section_6" showlabel="false" showbar="false" locklevel="0" id="{d4c3ee9c-ba71-5cdb-31be-2aa505750472}" IsUserDefined="0" layout="varwidth" columns="1" labelwidth="115" celllabelalignment="Left" celllabelposition="Top" ordinalvalue="1" solutionaction="Removed" />
                        <section id="{4eecb755-6a1a-4a5a-9ae4-e59546875fee}" name="SUMMARY_TAB_column_3_section_1" columns="11" showlabel="false" showbar="false" IsUserDefined="0" ordinalvalue="0" solutionaction="Added">
                          <labels>
                            <label description="section" languagecode="1033" />
                          </labels>
                          <rows>
                            <row>
                              <cell id="{da759405-dd64-4452-83ca-5f48a81c8a7c}" ordinalvalue="10000">
                                <labels>
                                  <label description="" languagecode="1033" />
                                </labels>
                              </cell>
                              <cell id="{c8b9f338-c8bd-4788-825d-a02cc41702ea}" ordinalvalue="20001">
                                <labels>
                                  <label description="" languagecode="1033" />
                                </labels>
                              </cell>
                            </row>
                          </rows>
                        </section>
                      </sections>
                    </column>
                  </columns>
                </tab>
                <tab name="Pricing" id="{5b296411-032e-394c-72c5-75deebee6aaa}" IsUserDefined="0" locklevel="0" showlabel="true" expanded="true" ordinalvalue="1" solutionaction="Removed" />
                <tab name="AssetsAndLocationsTab" id="{9d2b89a1-bec3-0b60-b2a7-d459b760e832}" IsUserDefined="0" locklevel="0" showlabel="true" expanded="false" visible="false" ordinalvalue="2" solutionaction="Modified">
                  <columns>
                    <column width="100%" id="0">
                      <sections>
                        <section name="AssetsAndLocationsSection" showlabel="false" showbar="false" locklevel="0" id="{9d702b1a-b4e2-15c1-52cc-67353ba67bcd}" IsUserDefined="0" layout="varwidth" columns="1" labelwidth="115" celllabelalignment="Left" celllabelposition="Left" ordinalvalue="0">
                          <rows>
                            <row>
                              <cell id="{d474b47c-cb1c-b672-c30b-65c901107727}" showlabel="false" locklevel="0" ordinalvalue="10000">
                                <labels>
                                  <label description="Account Name" languagecode="1033" solutionaction="Added" />
                                </labels>
                              </cell>
                            </row>
                          </rows>
                        </section>
                      </sections>
                    </column>
                  </columns>
                </tab>
                <tab name="DETAILS_TAB" id="{11a42c72-9ded-ea04-253d-2143e731b795}" IsUserDefined="0" showlabel="true" expanded="true" ordinalvalue="3" solutionaction="Removed" />
                <tab name="urstab" id="{c89e4b42-29b5-63b1-4666-65574779eddd}" IsUserDefined="0" locklevel="0" showlabel="true" expanded="true" visible="false" ordinalvalue="4" solutionaction="Removed" />
                <tab name="FieldService" id="{c267121d-ed5c-3554-ed2a-4b9c7cc17c51}" IsUserDefined="0" locklevel="0" showlabel="true" expanded="true" ordinalvalue="5" solutionaction="Removed" />
                <tab name="documents_sharepoint" id="{5240e6be-ed06-8050-7115-ba225c7a4a13}" IsUserDefined="0" locklevel="0" showlabel="true" expanded="true" ordinalvalue="6" solutionaction="Removed" />
                <tab name="tab_3" id="{44ebb8e8-25b1-dcea-c3c1-c6eb0734940c}" IsUserDefined="0" locklevel="0" showlabel="true" expanded="true" ordinalvalue="1" solutionaction="Added">
                  <labels>
                    <label description="Contacts" languagecode="1033" />
                  </labels>
                  <columns>
                    <column width="100%" id="0">
                      <sections>
                        <section name="tab_3_section_1" showlabel="false" showbar="false" locklevel="0" id="{301cd8a6-adac-8518-73d5-21897b1b350c}" IsUserDefined="0" layout="varwidth" columns="1" labelwidth="115" ordinalvalue="0">
                          <labels>
                            <label description="Section" languagecode="1033" />
                          </labels>
                          <rows>
                            <row>
                              <cell id="{9dcd68ea-4223-0397-1a90-61b623da13b1}" showlabel="true" colspan="1" auto="false" rowspan="7" ordinalvalue="10000">
                                <labels>
                                  <label description="Contacts" languagecode="1033" />
                                </labels>
                                <control id="Contacts_Grid" classid="{E7A81278-8635-4d9e-8D4D-59480B391C5B}" indicationOfSubgrid="true" uniqueid="{cdcdc8c3-1c1a-c572-0deb-8e45e85256bd}">
                                  <parameters>
                                    <ViewId>{00000000-0000-0000-00AA-000010001004}</ViewId>
                                    <IsUserView>false</IsUserView>
                                    <RelationshipName>contact_customer_accounts</RelationshipName>
                                    <TargetEntityType>contact</TargetEntityType>
                                    <AutoExpand>Fixed</AutoExpand>
                                    <EnableQuickFind>false</EnableQuickFind>
                                    <EnableViewPicker>true</EnableViewPicker>
                                    <ViewIds>{00000000-0000-0000-00AA-000010001004}</ViewIds>
                                    <EnableJumpBar>false</EnableJumpBar>
                                    <ChartGridMode>All</ChartGridMode>
                                    <VisualizationId>{E365462F-1DB9-46A8-928D-BEAB1A7A2375}</VisualizationId>
                                    <IsUserChart>false</IsUserChart>
                                    <EnableChartPicker>true</EnableChartPicker>
                                    <RecordsPerPage>4</RecordsPerPage>
                                    <HeaderColorCode>#F3F3F3</HeaderColorCode>
                                  </parameters>
                                </control>
                              </cell>
                            </row>
                            <row />
                            <row />
                            <row />
                            <row />
                            <row />
                            <row />
                          </rows>
                        </section>
                      </sections>
                    </column>
                  </columns>
                </tab>
              </tabs>
              <events>
                <event name="onload" application="false" active="false">
                  <Handlers>
                    <Handler functionName="FS.Account.Library.Load" libraryName="msdyn_/Account/Account.Library.js" handlerUniqueId="{c7515835-a98a-1b24-139a-a0d7055ec3bc}" enabled="true" parameters="" passExecutionContext="true" ordinalvalue="0" solutionaction="Removed" />
                    <Handler functionName="FieldServiceTrial.Library.Load" libraryName="msdyn_/Utils/FieldServiceTrial.js" handlerUniqueId="{58a9e819-d88b-c572-d1d3-601017c57b37}" enabled="true" parameters="" passExecutionContext="true" ordinalvalue="1" solutionaction="Removed" />
                    <Handler functionName="Sales.DocumentsTabController.shouldShowDocumentsTab" libraryName="Sales/ClientCommon/Sales_ClientCommon.js" handlerUniqueId="{CA3D9A4B-7A5C-4238-BAD6-5810FB05E86C}" enabled="true" parameters="" passExecutionContext="true" ordinalvalue="2" solutionaction="Removed" />
                    <Handler functionName="AssetCommon.Account.OnLoad" libraryName="msdyn_/Account/AssetCommon.Account.Library.js" handlerUniqueId="{4537b2be-b015-726d-2973-c312209337ba}" enabled="true" parameters="" passExecutionContext="true" ordinalvalue="3" solutionaction="Removed" />
                    <Handler functionName="OnLoad" libraryName="info_/CustomWebResources/Account.js" handlerUniqueId="{a35195d0-c879-bbca-c563-b6ba19a28d92}" enabled="true" parameters="" passExecutionContext="true" ordinalvalue="0" solutionaction="Added" />
                  </Handlers>
                </event>
              </events>
              <header id="{d5a03552-1183-4347-a237-1f894ba449eb}" columns="111" celllabelposition="Top" labelwidth="115">
                <rows>
                  <row>
                    <cell id="{d3e19d4e-b2ae-409f-9b4e-5976527c6c83}" ordinalvalue="10000" solutionaction="Removed" />
                    <cell id="{2adb5a52-604d-5aad-ba6a-2bbab6c33594}" showlabel="true" ordinalvalue="20001" solutionaction="Removed" />
                    <cell id="{54b2d0a2-eb77-b3cd-b60a-03ea6944e98e}" showlabel="true" locklevel="1" ordinalvalue="30002">
                      <labels>
                        <label description="Owner" languagecode="1033" solutionaction="Added" />
                      </labels>
                    </cell>
                  </row>
                  <row>
                    <cell id="{9a206991-25e8-4497-76d9-035e0111a1b3}" showlabel="false" ordinalvalue="10000" solutionaction="Added">
                      <labels>
                        <label description="" languagecode="1033" />
                      </labels>
                    </cell>
                    <cell id="{8d31a0a3-3116-300b-b32c-35bc05e124cb}" showlabel="false" ordinalvalue="20001" solutionaction="Added">
                      <labels>
                        <label description="" languagecode="1033" />
                      </labels>
                    </cell>
                  </row>
                </rows>
              </header>
              <Navigation>
                <NavBar>
                  <NavBarByRelationshipItem RelationshipName="msdyn_account_msdyn_actualfact_AccountCustomer" Sequence="10002" Area="Info" Id="nav_msdyn_account_msdyn_actualfact_AccountCustomer" Show="false" solutionaction="Removed" />
                  <NavBarByRelationshipItem RelationshipName="msdyn_account_msdyn_actualfact_AccountVendor" Sequence="10003" Area="Info" Id="nav_msdyn_account_msdyn_actualfact_AccountVendor" Show="false" solutionaction="Removed" />
                </NavBar>
              </Navigation>
              <controlDescriptions>
                <controlDescription forControl="{3ff9a528-dd50-4aca-8f10-2e5ed73513ad}" solutionaction="Removed" />
              </controlDescriptions>
              <formLibraries>
                <Library name="msdyn_/Account/AssetCommon.Account.Library.js" libraryUniqueId="{19c3d0d7-6864-4018-9bd8-e43354de5805}" solutionaction="Removed" />
                <Library name="msdyn_/Libraries/require/require.js" libraryUniqueId="{28b571ac-a20e-4001-7aec-29caed3dda7c}" solutionaction="Removed" />
                <Library name="msdyn_/Utils/FieldServiceTrial.js" libraryUniqueId="{81848ec9-2a66-58a9-8e79-84d836110771}" solutionaction="Removed" />
                <Library name="msdyn_/Account/Account.Library.js" libraryUniqueId="{d8db2d05-4b38-9935-cedb-cdacb9e65d75}" solutionaction="Removed" />
                <Library name="info_/CustomWebResources/Account.js" libraryUniqueId="{d5cd02be-4109-328c-51cb-012a6e277d5e}" solutionaction="Added" />
              </formLibraries>
            </form>
            <LocalizedNames>
              <LocalizedName description="Account" languagecode="1033" />
            </LocalizedNames>
            <Descriptions>
              <Description description="Updated default Account form." languagecode="1033" />
            </Descriptions>
          </systemform>
        </forms>
      </FormXml>
      <RibbonDiffXml>
        <CustomActions />
        <Templates>
          <RibbonTemplates Id="Mscrm.Templates"></RibbonTemplates>
        </Templates>
        <CommandDefinitions />
        <RuleDefinitions>
          <TabDisplayRules />
          <DisplayRules />
          <EnableRules />
        </RuleDefinitions>
        <LocLabels />
      </RibbonDiffXml>
    </Entity>
    <Entity>
      <Name LocalizedName="Contact" OriginalName="">Contact</Name>
      <EntityInfo>
        <entity Name="Contact">
          <attributes>
            <attribute PhysicalName="info_customtype">
              <Type>picklist</Type>
              <Name>info_customtype</Name>
              <LogicalName>info_customtype</LogicalName>
              <RequiredLevel>none</RequiredLevel>
              <DisplayMask>ValidForAdvancedFind|ValidForForm|ValidForGrid</DisplayMask>
              <ImeMode>auto</ImeMode>
              <ValidForUpdateApi>1</ValidForUpdateApi>
              <ValidForReadApi>1</ValidForReadApi>
              <ValidForCreateApi>1</ValidForCreateApi>
              <IsCustomField>1</IsCustomField>
              <IsAuditEnabled>1</IsAuditEnabled>
              <IsSecured>0</IsSecured>
              <IntroducedVersion>1.0.0.0</IntroducedVersion>
              <IsCustomizable>1</IsCustomizable>
              <IsRenameable>1</IsRenameable>
              <CanModifySearchSettings>1</CanModifySearchSettings>
              <CanModifyRequirementLevelSettings>1</CanModifyRequirementLevelSettings>
              <CanModifyAdditionalSettings>1</CanModifyAdditionalSettings>
              <SourceType>0</SourceType>
              <IsGlobalFilterEnabled>0</IsGlobalFilterEnabled>
              <IsSortableEnabled>0</IsSortableEnabled>
              <CanModifyGlobalFilterSettings>1</CanModifyGlobalFilterSettings>
              <CanModifyIsSortableSettings>1</CanModifyIsSortableSettings>
              <IsDataSourceSecret>0</IsDataSourceSecret>
              <AutoNumberFormat></AutoNumberFormat>
              <IsSearchable>0</IsSearchable>
              <IsFilterable>0</IsFilterable>
              <IsRetrievable>0</IsRetrievable>
              <IsLocalizable>0</IsLocalizable>
              <AppDefaultValue>-1</AppDefaultValue>
              <optionset Name="info_contact_info_customtype">
                <OptionSetType>picklist</OptionSetType>
                <IntroducedVersion>1.0.0.0</IntroducedVersion>
                <IsCustomizable>1</IsCustomizable>
                <displaynames>
                  <displayname description="Tipologia" languagecode="1033" />
                </displaynames>
                <Descriptions>
                  <Description description="" languagecode="1033" />
                </Descriptions>
                <options>
                  <option value="641300000" ExternalValue="" Color="#0000ff">
                    <labels>
                      <label description="Type A" languagecode="1033" />
                    </labels>
                  </option>
                  <option value="641300001" ExternalValue="" Color="#0000ff">
                    <labels>
                      <label description="Type B" languagecode="1033" />
                    </labels>
                  </option>
                  <option value="641300002" ExternalValue="" Color="#0000ff">
                    <labels>
                      <label description="Type C" languagecode="1033" />
                    </labels>
                  </option>
                  <option value="641300003" ExternalValue="" Color="#0000ff">
                    <labels>
                      <label description="Type D" languagecode="1033" />
                    </labels>
                  </option>
                </options>
              </optionset>
              <displaynames>
                <displayname description="Type" languagecode="1033" />
              </displaynames>
              <Descriptions>
                <Description description="" languagecode="1033" />
              </Descriptions>
            </attribute>
            <attribute PhysicalName="info_Qualification">
              <Type>float</Type>
              <Name>info_qualification</Name>
              <LogicalName>info_qualification</LogicalName>
              <RequiredLevel>none</RequiredLevel>
              <DisplayMask>ValidForAdvancedFind|ValidForForm|ValidForGrid</DisplayMask>
              <ImeMode>auto</ImeMode>
              <ValidForUpdateApi>1</ValidForUpdateApi>
              <ValidForReadApi>1</ValidForReadApi>
              <ValidForCreateApi>1</ValidForCreateApi>
              <IsCustomField>1</IsCustomField>
              <IsAuditEnabled>1</IsAuditEnabled>
              <IsSecured>0</IsSecured>
              <IntroducedVersion>1.0.0.0</IntroducedVersion>
              <IsCustomizable>1</IsCustomizable>
              <IsRenameable>1</IsRenameable>
              <CanModifySearchSettings>1</CanModifySearchSettings>
              <CanModifyRequirementLevelSettings>1</CanModifyRequirementLevelSettings>
              <CanModifyAdditionalSettings>1</CanModifyAdditionalSettings>
              <SourceType>0</SourceType>
              <IsGlobalFilterEnabled>0</IsGlobalFilterEnabled>
              <IsSortableEnabled>0</IsSortableEnabled>
              <CanModifyGlobalFilterSettings>1</CanModifyGlobalFilterSettings>
              <CanModifyIsSortableSettings>1</CanModifyIsSortableSettings>
              <IsDataSourceSecret>0</IsDataSourceSecret>
              <AutoNumberFormat></AutoNumberFormat>
              <IsSearchable>0</IsSearchable>
              <IsFilterable>0</IsFilterable>
              <IsRetrievable>0</IsRetrievable>
              <IsLocalizable>0</IsLocalizable>
              <MinValue>0</MinValue>
              <MaxValue>10</MaxValue>
              <Accuracy>2</Accuracy>
              <displaynames>
                <displayname description="Qualification" languagecode="1033" />
              </displaynames>
              <Descriptions>
                <Description description="" languagecode="1033" />
              </Descriptions>
            </attribute>
          </attributes>
          <EntitySetName>contacts</EntitySetName>
          <IsDuplicateCheckSupported>1</IsDuplicateCheckSupported>
          <IsBusinessProcessEnabled>1</IsBusinessProcessEnabled>
          <IsRequiredOffline>0</IsRequiredOffline>
          <IsInteractionCentricEnabled>1</IsInteractionCentricEnabled>
          <IsCollaboration>0</IsCollaboration>
          <AutoRouteToOwnerQueue>0</AutoRouteToOwnerQueue>
          <IsConnectionsEnabled>1</IsConnectionsEnabled>
          <EntityColor>#005088</EntityColor>
          <IsDocumentManagementEnabled>0</IsDocumentManagementEnabled>
          <AutoCreateAccessTeams>0</AutoCreateAccessTeams>
          <IsOneNoteIntegrationEnabled>0</IsOneNoteIntegrationEnabled>
          <IsKnowledgeManagementEnabled>0</IsKnowledgeManagementEnabled>
          <IsSLAEnabled>0</IsSLAEnabled>
          <IsDocumentRecommendationsEnabled>0</IsDocumentRecommendationsEnabled>
          <IsBPFEntity>0</IsBPFEntity>
          <OwnershipTypeMask>UserOwned</OwnershipTypeMask>
          <EntityMask>ActivityPointer</EntityMask>
          <IsAuditEnabled>0</IsAuditEnabled>
          <IsRetrieveAuditEnabled>0</IsRetrieveAuditEnabled>
          <IsRetrieveMultipleAuditEnabled>0</IsRetrieveMultipleAuditEnabled>
          <IsActivity>0</IsActivity>
          <ActivityTypeMask></ActivityTypeMask>
          <IsActivityParty>1</IsActivityParty>
          <IsReplicated>1</IsReplicated>
          <IsReplicationUserFiltered>1</IsReplicationUserFiltered>
          <IsMailMergeEnabled>1</IsMailMergeEnabled>
          <IsVisibleInMobile>1</IsVisibleInMobile>
          <IsVisibleInMobileClient>1</IsVisibleInMobileClient>
          <IsReadOnlyInMobileClient>0</IsReadOnlyInMobileClient>
          <IsOfflineInMobileClient>1</IsOfflineInMobileClient>
          <DaysSinceRecordLastModified>10</DaysSinceRecordLastModified>
          <MobileOfflineFilters>
		&lt;fetch version="1.0" output-format="xml-platform" mapping="logical" distinct="false"&gt;
			&lt;entity name="contact"&gt;
				&lt;filter type="and"&gt;
					&lt;condition attribute="modifiedon" operator="last-x-days" value="10"/&gt;
				&lt;/filter&gt;
			&lt;/entity&gt;
		&lt;/fetch&gt;
	</MobileOfflineFilters>
          <IsMapiGridEnabled>1</IsMapiGridEnabled>
          <IsReadingPaneEnabled>1</IsReadingPaneEnabled>
          <IsQuickCreateEnabled>1</IsQuickCreateEnabled>
          <SyncToExternalSearchIndex>1</SyncToExternalSearchIndex>
          <IntroducedVersion>5.0.0.0</IntroducedVersion>
          <EnforceStateTransitions>0</EnforceStateTransitions>
          <EntityHelpUrlEnabled>0</EntityHelpUrlEnabled>
          <ChangeTrackingEnabled>1</ChangeTrackingEnabled>
          <IsEnabledForExternalChannels>1</IsEnabledForExternalChannels>
          <IsSolutionAware>0</IsSolutionAware>
          <HasRelatedNotes>True</HasRelatedNotes>
          <HasRelatedFeedback>True</HasRelatedFeedback>
          <HasRelatedActivities>True</HasRelatedActivities>
        </entity>
      </EntityInfo>
      <FormXml>
        <forms type="main">
          <systemform>
            <formid>{894cc46a-b0cb-4ab0-8bf6-200544e46a2d}</formid>
            <IntroducedVersion>5.0.0.0</IntroducedVersion>
            <FormPresentation>0</FormPresentation>
            <FormActivationState>0</FormActivationState>
            <form showImage="true">
              <tabs>
                <tab name="general" verticallayout="true" id="{9748ec98-3746-40cc-83bf-d15c7363166f}" IsUserDefined="0" ordinalvalue="1" solutionaction="Modified">
                  <columns>
                    <column width="100%" id="0">
                      <sections>
                        <section name="name" showlabel="false" showbar="false" id="{90b0776f-2977-4695-9cd4-73bb6c820f88}" IsUserDefined="0" ordinalvalue="0">
                          <rows>
                            <row>
                              <cell id="{90317617-38db-4734-aef8-4bb4e8cb9012}" ordinalvalue="10000">
                                <labels>
                                  <label description="Salutation" languagecode="1033" solutionaction="Added" />
                                </labels>
                              </cell>
                              <cell id="{f3eec8ff-7b5a-43af-92c4-1a41adaf4b50}" ordinalvalue="20001">
                                <labels>
                                  <label description="Business Phone" languagecode="1033" solutionaction="Added" />
                                </labels>
                              </cell>
                            </row>
                            <row>
                              <cell id="{478c8803-2686-4d10-8cf0-e6e5b3b6007f}" ordinalvalue="10002">
                                <labels>
                                  <label description="First Name" languagecode="1033" solutionaction="Added" />
                                </labels>
                              </cell>
                              <cell id="{0304f83d-bb05-4e72-bf12-c9bfa8a8e152}" ordinalvalue="20003">
                                <labels>
                                  <label description="Home Phone" languagecode="1033" solutionaction="Added" />
                                </labels>
                              </cell>
                            </row>
                            <row>
                              <cell id="{8097efd5-8af7-4944-b7a5-42ece196e23d}" ordinalvalue="10004">
                                <labels>
                                  <label description="Middle Name" languagecode="1033" solutionaction="Added" />
                                </labels>
                              </cell>
                              <cell id="{70d9cd8f-142b-4a88-bf82-4d2bc2972140}" ordinalvalue="20005">
                                <labels>
                                  <label description="Mobile Phone" languagecode="1033" solutionaction="Added" />
                                </labels>
                              </cell>
                            </row>
                            <row>
                              <cell id="{4fde05d9-89b1-4acf-a98f-13159f1bdcc8}" ordinalvalue="10006">
                                <labels>
                                  <label description="Last Name" languagecode="1033" solutionaction="Added" />
                                </labels>
                              </cell>
                              <cell id="{068c2954-dfdf-4d68-a9da-f70e3feb3e63}" ordinalvalue="20007">
                                <labels>
                                  <label description="Fax" languagecode="1033" solutionaction="Added" />
                                </labels>
                              </cell>
                            </row>
                            <row>
                              <cell id="{921eaba2-6044-405e-8354-c3c5dbe3e97f}" ordinalvalue="10008">
                                <labels>
                                  <label description="Job Title" languagecode="1033" solutionaction="Added" />
                                </labels>
                              </cell>
                              <cell id="{38d7b950-436b-412f-a71b-ae4187e60c14}" ordinalvalue="20009">
                                <labels>
                                  <label description="Email" languagecode="1033" solutionaction="Added" />
                                </labels>
                              </cell>
                            </row>
                            <row>
                              <cell auto="false" showlabel="true" locklevel="0" rowspan="1" colspan="1" id="{1afed90e-5ba2-4868-b33f-e4ffe086596b}" ordinalvalue="10010">
                                <labels>
                                  <label description="Company Name" languagecode="1033" solutionaction="Added" />
                                </labels>
                              </cell>
                            </row>
                          </rows>
                        </section>
                        <section name="description" showlabel="true" showbar="true" id="{e165b345-b7ce-4c73-a508-0f42cbf6dd53}" IsUserDefined="0" height="auto" ordinalvalue="3">
                          <rows>
                            <row>
                              <cell colspan="2" showlabel="false" rowspan="5" auto="true" id="{c0a08372-d225-411f-87e4-14554329507a}" ordinalvalue="10000">
                                <labels>
                                  <label description="Description" languagecode="1033" solutionaction="Added" />
                                </labels>
                              </cell>
                            </row>
                          </rows>
                        </section>
                      </sections>
                    </column>
                  </columns>
                </tab>
                <tab name="details" id="{cafbf41a-42bf-4665-8562-1e37017eba69}" IsUserDefined="0" ordinalvalue="2" solutionaction="Modified">
                  <columns>
                    <column width="100%" id="0">
                      <sections>
                        <section name="professional information" showlabel="true" showbar="true" id="{a778d498-3bf2-4c33-85e2-7730d8ae126b}" IsUserDefined="0" ordinalvalue="0">
                          <rows>
                            <row>
                              <cell id="{c21cf98d-7d3a-4e4c-815c-5fd6de4b89d7}" ordinalvalue="10000">
                                <labels>
                                  <label description="Department" languagecode="1033" solutionaction="Added" />
                                </labels>
                              </cell>
                              <cell id="{c545928a-8081-4b80-a21e-8a3c405dd0b0}" ordinalvalue="20001">
                                <labels>
                                  <label description="Role" languagecode="1033" solutionaction="Added" />
                                </labels>
                              </cell>
                            </row>
                            <row>
                              <cell id="{452ca48e-8c7b-4a96-81f7-387d0c9b033c}" ordinalvalue="10002">
                                <labels>
                                  <label description="Manager" languagecode="1033" solutionaction="Added" />
                                </labels>
                              </cell>
                              <cell id="{80128d81-f664-47c0-b348-d176679224b9}" ordinalvalue="20003">
                                <labels>
                                  <label description="Assistant" languagecode="1033" solutionaction="Added" />
                                </labels>
                              </cell>
                            </row>
                            <row>
                              <cell id="{d336a999-cdf1-4109-bcbe-db27ec0b7e72}" ordinalvalue="10004">
                                <labels>
                                  <label description="Manager Phone" languagecode="1033" solutionaction="Added" />
                                </labels>
                              </cell>
                              <cell id="{cb2ae5b6-2919-439e-ab41-327d880272a8}" ordinalvalue="20005">
                                <labels>
                                  <label description="Assistant Phone" languagecode="1033" solutionaction="Added" />
                                </labels>
                              </cell>
                            </row>
                          </rows>
                        </section>
                        <section name="personal information" showlabel="true" showbar="true" id="{518cc50e-1350-4b4b-a056-fc3c0e7d36d7}" IsUserDefined="0" ordinalvalue="1">
                          <rows>
                            <row>
                              <cell id="{9748b178-14ab-49af-8985-c02de8892720}" ordinalvalue="10000">
                                <labels>
                                  <label description="Gender" languagecode="1033" solutionaction="Added" />
                                </labels>
                              </cell>
                              <cell id="{b2adc634-723e-4e87-b8f1-b62e3cf1fad1}" ordinalvalue="20001">
                                <labels>
                                  <label description="Birthday" languagecode="1033" solutionaction="Added" />
                                </labels>
                              </cell>
                            </row>
                            <row>
                              <cell id="{acac3dbc-a956-459f-9dba-8c3f5ce3777a}" ordinalvalue="10002">
                                <labels>
                                  <label description="Marital Status" languagecode="1033" solutionaction="Added" />
                                </labels>
                              </cell>
                              <cell id="{4435fdd5-a586-436e-882c-58b516484ae1}" ordinalvalue="20003">
                                <labels>
                                  <label description="Anniversary" languagecode="1033" solutionaction="Added" />
                                </labels>
                              </cell>
                            </row>
                            <row>
                              <cell id="{4bd24018-9343-41e8-b119-66c87186ef1c}" ordinalvalue="10004">
                                <labels>
                                  <label description="Spouse/Partner Name" languagecode="1033" solutionaction="Added" />
                                </labels>
                              </cell>
                            </row>
                          </rows>
                        </section>
                      </sections>
                    </column>
                  </columns>
                </tab>
                <tab name="notes and activities" id="{A6C643C6-E98F-4738-812F-0B7F7FFC80F7}" IsUserDefined="0" expanded="false" ordinalvalue="3" solutionaction="Modified" />
                <tab name="administration" id="{0dd7233e-247b-4eef-a71b-0185da6d16ad}" IsUserDefined="0" ordinalvalue="4" solutionaction="Modified">
                  <columns>
                    <column width="100%" id="0">
                      <sections>
                        <section name="internal information" showlabel="false" showbar="false" id="{c3e86ffb-2b8b-4c56-877f-67bdaa5a7363}" IsUserDefined="0" ordinalvalue="0">
                          <rows>
                            <row>
                              <cell id="{2329843a-6ab4-4431-8a2b-101f3272e104}" ordinalvalue="10000">
                                <labels>
                                  <label description="Owner" languagecode="1033" solutionaction="Added" />
                                </labels>
                              </cell>
                            </row>
                          </rows>
                        </section>
                        <section name="billing information" showlabel="true" showbar="true" id="{0738bc1c-9226-486d-9258-9b6fc75cbaa7}" IsUserDefined="0" ordinalvalue="1">
                          <rows>
                            <row>
                              <cell id="{d9a0c6e4-2016-48cd-b0c1-a6a03e9d47c6}" ordinalvalue="10000">
                                <labels>
                                  <label description="Currency" languagecode="1033" solutionaction="Added" />
                                </labels>
                              </cell>
                              <cell id="{cf9708ff-df37-4fda-86c3-79896dbeaa2c}" ordinalvalue="20001">
                                <labels>
                                  <label description="Payment Terms" languagecode="1033" solutionaction="Added" />
                                </labels>
                              </cell>
                            </row>
                            <row>
                              <cell id="{200a7ca9-4a7e-4462-8f22-9a13ce27bd46}" ordinalvalue="10002">
                                <labels>
                                  <label description="Credit Limit" languagecode="1033" solutionaction="Added" />
                                </labels>
                              </cell>
                            </row>
                            <row>
                              <cell id="{86ed48db-8fdc-4880-aa78-1532af6060ee}" ordinalvalue="10004">
                                <labels>
                                  <label description="Credit Hold" languagecode="1033" solutionaction="Added" />
                                </labels>
                              </cell>
                            </row>
                          </rows>
                        </section>
                      </sections>
                    </column>
                  </columns>
                </tab>
                <tab id="{ccb062fa-e686-4386-b2b3-5c465bc8b4bf}" name="conflictstab" group="solutionconflictstab" ordinalvalue="5" solutionaction="Modified">
                  <columns>
                    <column width="100%" id="0">
                      <sections>
                        <section id="{4a12d661-929c-4b02-8d38-fe5405a926d4}" name="conflictssection" group="solutionconflictssection" ordinalvalue="0">
                          <rows>
                            <row>
                              <cell id="{bc9c8be1-08bc-47ad-8868-1e212574acbd}" ordinalvalue="10000">
                                <labels>
                                  <label description="Price List" languagecode="1033" solutionaction="Added" />
                                </labels>
                              </cell>
                            </row>
                          </rows>
                        </section>
                        <section name="marketing information" showlabel="true" showbar="true" locklevel="0" id="{137f7111-6a68-49ec-bf7e-608e65cb9c45}" IsUserDefined="0" layout="varheight" columns="11" ordinalvalue="1">
                          <rows>
                            <row>
                              <cell id="{5aa3e6b4-439c-4220-84f6-34165bbc5899}" ordinalvalue="10000">
                                <labels>
                                  <label description="Originating Lead" languagecode="1033" solutionaction="Added" />
                                </labels>
                              </cell>
                              <cell auto="false" showlabel="true" locklevel="0" rowspan="1" colspan="1" id="{af160f54-cea1-45fb-bcc2-1d177d9c6fe9}" ordinalvalue="20001">
                                <labels>
                                  <label description="Last Date Included in Campaign" languagecode="1033" solutionaction="Added" />
                                </labels>
                              </cell>
                            </row>
                            <row>
                              <cell auto="false" showlabel="true" locklevel="0" rowspan="1" colspan="1" id="{8615167e-21fe-4aa0-9eb2-5f69e6e4408a}" ordinalvalue="10002">
                                <labels>
                                  <label description="Send Marketing Materials" languagecode="1033" solutionaction="Added" />
                                </labels>
                              </cell>
                            </row>
                          </rows>
                        </section>
                        <section name="service preferences" showlabel="true" showbar="true" id="{12ea1501-295d-423d-acf9-5a1257746c83}" IsUserDefined="0" ordinalvalue="2">
                          <rows>
                            <row>
                              <cell id="{150fe3ca-65fc-4c67-9797-80bd66a9b3bc}" ordinalvalue="10000">
                                <labels>
                                  <label description="Preferred Day" languagecode="1033" solutionaction="Added" />
                                </labels>
                              </cell>
                              <cell id="{21d5ede7-b984-4a16-8464-831dbc83ea15}" ordinalvalue="20001">
                                <labels>
                                  <label description="Preferred Facility/Equipment" languagecode="1033" solutionaction="Added" />
                                </labels>
                              </cell>
                            </row>
                            <row>
                              <cell id="{93aa5433-f813-45a0-8e60-88c4940f0d99}" ordinalvalue="10002">
                                <labels>
                                  <label description="Preferred Time" languagecode="1033" solutionaction="Added" />
                                </labels>
                              </cell>
                              <cell id="{e7c37018-e855-4745-9e6b-1ad431651ca0}" ordinalvalue="20003">
                                <labels>
                                  <label description="Preferred User" languagecode="1033" solutionaction="Added" />
                                </labels>
                              </cell>
                            </row>
                            <row>
                              <cell id="{48e78793-a270-4cea-b252-525d3fc20923}" ordinalvalue="10004">
                                <labels>
                                  <label description="Preferred Service" languagecode="1033" solutionaction="Added" />
                                </labels>
                              </cell>
                            </row>
                          </rows>
                        </section>
                      </sections>
                    </column>
                  </columns>
                </tab>
                <tab name="tab_recordwall" id="{e94e6ac4-12db-bc8c-ec81-8b20c5987655}" IsUserDefined="0" locklevel="0" showlabel="true" expanded="false" labelid="{79457e3a-a182-4e47-81fb-d31387dcbabe}" ordinalvalue="0" solutionaction="Added">
                  <labels>
                    <label description="What's New" languagecode="1033" />
                  </labels>
                  <columns>
                    <column width="100%" id="0">
                      <sections>
                        <section name="tab_recordwall_section_1" showlabel="false" showbar="false" locklevel="0" id="{ac0addcc-a626-6c98-40ee-b11edac36204}" IsUserDefined="0" layout="varwidth" columns="1" labelwidth="115" celllabelalignment="Left" celllabelposition="Left" labelid="{154d8783-422a-47c1-b3be-1739ca950a1c}" ordinalvalue="0">
                          <labels>
                            <label description="Section" languagecode="1033" />
                          </labels>
                          <rows>
                            <row>
                              <cell id="{be13b312-b6ac-83d7-34e1-e90dc1ecbec7}" showlabel="false" colspan="1" auto="false" rowspan="15" labelid="{6ef884f6-da26-4801-900c-093a27f83e38}" ordinalvalue="10000">
                                <labels>
                                  <label description="RecordWall" languagecode="1033" />
                                </labels>
                                <control id="WebResource_RecordWall" classid="{9FDF5F91-88B1-47f4-AD53-C11EFC01A01D}">
                                  <parameters>
                                    <Url>msdyn_/RecordWall.htm</Url>
                                    <PassParameters>true</PassParameters>
                                    <Security>false</Security>
                                    <Scrolling>auto</Scrolling>
                                    <Border>false</Border>
                                  </parameters>
                                </control>
                                <events>
                                  <event name="onload" application="0">
                                    <dependencies />
                                  </event>
                                </events>
                              </cell>
                            </row>
                            <row />
                            <row />
                            <row />
                            <row />
                            <row />
                            <row />
                            <row />
                            <row />
                            <row />
                            <row />
                            <row />
                            <row />
                            <row />
                            <row />
                          </rows>
                        </section>
                      </sections>
                    </column>
                  </columns>
                  <events>
                    <event name="tabstatechange" application="false" active="false">
                      <Handlers>
                        <Handler functionName="ActivityFeeds.Form.CustomizationUtils.updateRecordWallRenderingState" libraryName="msdyn_/ActivityFeeds.Form.js" handlerUniqueId="{9beb6ce6-2666-8033-a406-3d68d44b9592}" enabled="true" parameters="" passExecutionContext="true" ordinalvalue="0" />
                      </Handlers>
                    </event>
                  </events>
                </tab>
              </tabs>
              <header id="{59314f22-396d-45d8-baef-75b09c8dd512}" celllabelposition="Top">
                <rows>
                  <row>
                    <cell id="{b0074c9c-4bdb-9521-0b2a-468199980643}" ordinalvalue="10000">
                      <labels>
                        <label description="Email" languagecode="1033" solutionaction="Added" />
                      </labels>
                    </cell>
                    <cell id="{9c4cd12a-3da3-d3cc-b902-6ee03bd43729}" ordinalvalue="20001">
                      <labels>
                        <label description="Preferred Method of Contact" languagecode="1033" solutionaction="Added" />
                      </labels>
                    </cell>
                    <cell id="{6eb10c6b-c25e-a2ea-b4c1-b3d4a075d081}" ordinalvalue="30002">
                      <labels>
                        <label description="Owner" languagecode="1033" solutionaction="Added" />
                      </labels>
                    </cell>
                  </row>
                </rows>
              </header>
              <formLibraries solutionaction="Added">
                <Library name="msdyn_/ActivityFeeds.Form.js" libraryUniqueId="{4181da4c-6d13-ba3c-c859-be404e4ee2e3}" />
              </formLibraries>
            </form>
            <LocalizedNames>
              <LocalizedName description="Information" languagecode="1033" />
            </LocalizedNames>
            <Descriptions>
              <Description description="A form for this entity." languagecode="1033" />
            </Descriptions>
          </systemform>
          <systemform>
            <formid>{28b5b9b6-dfa2-45d6-8a81-3f6ba02a098a}</formid>
            <IntroducedVersion>6.1.0.0</IntroducedVersion>
            <FormPresentation>1</FormPresentation>
            <FormActivationState>0</FormActivationState>
            <form></form>
            <LocalizedNames>
              <LocalizedName description="Contact - Mobile" languagecode="1033" />
            </LocalizedNames>
            <Descriptions>
              <Description description="This form is used for mobile technicians, with appropriate field layout." languagecode="1033" />
            </Descriptions>
          </systemform>
          <systemform>
            <formid>{293c878f-f068-40a0-ae48-4297e060871c}</formid>
            <IntroducedVersion>1.0</IntroducedVersion>
            <FormPresentation>1</FormPresentation>
            <FormActivationState>0</FormActivationState>
            <form></form>
            <LocalizedNames>
              <LocalizedName description="AI for Sales" languagecode="1033" />
            </LocalizedNames>
            <Descriptions>
              <Description description="Updated default Contact form." languagecode="1033" />
            </Descriptions>
          </systemform>
          <systemform>
            <formid>{986258b5-2985-4ae0-970a-5e1d108ab793}</formid>
            <IntroducedVersion>1.0.0.1</IntroducedVersion>
            <FormPresentation>1</FormPresentation>
            <FormActivationState>0</FormActivationState>
            <form></form>
            <LocalizedNames>
              <LocalizedName description="TimelineWallControl - Contact - Main" languagecode="1033" />
            </LocalizedNames>
          </systemform>
          <systemform>
            <formid>{e06af4d1-2812-45c7-a9c2-9fb73fee7bec}</formid>
            <IntroducedVersion>1.0</IntroducedVersion>
            <FormPresentation>0</FormPresentation>
            <FormActivationState>0</FormActivationState>
            <form>
              <tabs>
                <tab name="SUMMARY_TAB" id="{13c118dd-d4ad-48ee-8087-d35f5b5f2490}" IsUserDefined="0" showlabel="false" expanded="true" labelid="{c5ca1165-f5b8-4908-87f9-016bbb5035ee}" ordinalvalue="1" solutionaction="Modified" />
                <tab name="DETAILS_TAB" id="{3f11f670-7ed1-4efa-b43b-9b2f07531d21}" IsUserDefined="0" expanded="true" showlabel="true" labelid="{5bf24e9e-ca44-4379-ac52-b3b6f3bc20f6}" ordinalvalue="2" solutionaction="Modified" />
                <tab name="tab_recordwall" id="{e94e6ac4-12db-bc8c-ec81-8b20c5987655}" IsUserDefined="0" locklevel="0" showlabel="true" expanded="false" labelid="{c66d13b8-4148-4796-890f-e5305b27357f}" ordinalvalue="0" solutionaction="Added">
                  <labels>
                    <label description="What's New" languagecode="1033" />
                  </labels>
                  <columns>
                    <column width="100%" id="0">
                      <sections>
                        <section name="tab_recordwall_section_1" showlabel="false" showbar="false" locklevel="0" id="{ac0addcc-a626-6c98-40ee-b11edac36204}" IsUserDefined="0" layout="varwidth" columns="1" labelwidth="115" celllabelalignment="Left" celllabelposition="Left" labelid="{00282bcf-fb16-49d9-802b-664a2f1307a6}" ordinalvalue="0">
                          <labels>
                            <label description="Section" languagecode="1033" />
                          </labels>
                          <rows>
                            <row>
                              <cell id="{be13b312-b6ac-83d7-34e1-e90dc1ecbec7}" showlabel="false" colspan="1" auto="false" rowspan="15" labelid="{939f620f-20ff-4136-b809-3d39319ffab7}" ordinalvalue="10000">
                                <labels>
                                  <label description="RecordWall" languagecode="1033" />
                                </labels>
                                <control id="WebResource_RecordWall" classid="{9FDF5F91-88B1-47f4-AD53-C11EFC01A01D}">
                                  <parameters>
                                    <Url>msdyn_/RecordWall.htm</Url>
                                    <PassParameters>true</PassParameters>
                                    <Security>false</Security>
                                    <Scrolling>auto</Scrolling>
                                    <Border>false</Border>
                                  </parameters>
                                </control>
                                <events>
                                  <event name="onload" application="0">
                                    <dependencies />
                                  </event>
                                </events>
                              </cell>
                            </row>
                            <row />
                            <row />
                            <row />
                            <row />
                            <row />
                            <row />
                            <row />
                            <row />
                            <row />
                            <row />
                            <row />
                            <row />
                            <row />
                            <row />
                          </rows>
                        </section>
                      </sections>
                    </column>
                  </columns>
                  <events>
                    <event name="tabstatechange" application="false" active="false">
                      <Handlers>
                        <Handler functionName="ActivityFeeds.Form.CustomizationUtils.updateRecordWallRenderingState" libraryName="msdyn_/ActivityFeeds.Form.js" handlerUniqueId="{9beb6ce6-2666-8033-a406-3d68d44b9592}" enabled="true" parameters="" passExecutionContext="true" ordinalvalue="0" />
                      </Handlers>
                    </event>
                  </events>
                </tab>
              </tabs>
              <formLibraries solutionaction="Added">
                <Library name="msdyn_/ActivityFeeds.Form.js" libraryUniqueId="{4181da4c-6d13-ba3c-c859-be404e4ee2e3}" />
              </formLibraries>
            </form>
            <LocalizedNames>
              <LocalizedName description="Contact for Multisession experience" languagecode="1033" />
            </LocalizedNames>
            <Descriptions>
              <Description description="Default Multisession experience Contact form." languagecode="1033" />
            </Descriptions>
          </systemform>
          <systemform>
            <formid>{cc760212-3eab-4009-b5c3-ea9cf6f3e141}</formid>
            <IntroducedVersion>8.0.0.0</IntroducedVersion>
            <FormPresentation>2</FormPresentation>
            <FormActivationState>0</FormActivationState>
            <form></form>
            <LocalizedNames>
              <LocalizedName description="Contact for Interactive experience" languagecode="1033" />
            </LocalizedNames>
            <Descriptions>
              <Description description="Default Interactive experience Contact form." languagecode="1033" />
            </Descriptions>
          </systemform>
          <systemform>
            <formid>{1fed44d1-ae68-4a41-bd2b-f13acac4acfa}</formid>
            <IntroducedVersion>5.0.0.0</IntroducedVersion>
            <FormPresentation>1</FormPresentation>
            <FormActivationState>1</FormActivationState>
            <form showImage="true" shownavigationbar="true" maxWidth="1920" solutionaction="Modified">
              <tabs>
                <tab name="SUMMARY_TAB" id="{15bb2d4b-71da-74ea-3c5b-e497d78a55a2}" IsUserDefined="0" showlabel="true" expanded="true" ordinalvalue="0">
                  <columns>
                    <column width="33%" id="0">
                      <sections>
                        <section name="CONTACT_INFORMATION" showlabel="true" showbar="false" id="{9d943649-0387-1882-caa1-36de40d5a86c}" IsUserDefined="0" layout="varwidth" columns="1" labelwidth="115" celllabelposition="Left" ordinalvalue="0">
                          <rows>
                            <row>
                              <cell id="{542e581d-cca1-5e40-e6d9-d67a9d1468b4}" showlabel="true" locklevel="0" ordinalvalue="10001" solutionaction="Modified">
                                <labels>
                                  <label description="Full Name" languagecode="1033" solutionaction="Added" />
                                </labels>
                              </cell>
                            </row>
                            <row>
                              <cell id="{07326cde-7529-ddc0-e421-c0bcddd07b8a}" showlabel="true" ordinalvalue="10001" solutionaction="Removed" />
                            </row>
                            <row>
                              <cell id="{a54c19c9-4722-ce25-60c5-2bb9452680d2}" showlabel="true" locklevel="0" ordinalvalue="10000" solutionaction="Modified">
                                <control id="parentcustomerid" classid="{270BD3DB-D9AF-4782-9025-509E298DEC0A}" datafieldname="parentcustomerid" disabled="true" uniqueid="{e9023477-87c6-d48c-53ad-ad6044b82542}" solutionaction="Modified">
                                  <parameters solutionaction="Added">
                                    <AutoResolve>true</AutoResolve>
                                    <DisableMru>false</DisableMru>
                                  </parameters>
                                </control>
                              </cell>
                            </row>
                            <row>
                              <cell id="{7d538a97-98eb-b438-72de-57a808b9a308}" showlabel="true" ordinalvalue="10003" solutionaction="Removed" />
                            </row>
                            <row>
                              <cell id="{215da2d0-2b64-3481-8d2d-16107d4d7e5b}" showlabel="true" ordinalvalue="10004" solutionaction="Removed" />
                            </row>
                            <row>
                              <cell id="{290b48ba-c0cc-7746-6dda-93e240e4cc78}" showlabel="true" ordinalvalue="10005" solutionaction="Removed" />
                            </row>
                            <row>
                              <cell id="{1b54cdb3-1582-c29e-cc9e-9d4bc2a5700b}" showlabel="true" ordinalvalue="10006" solutionaction="Removed" />
                            </row>
                            <row>
                              <cell id="{408dda0b-48a7-c05c-e29a-56a93eb97172}" showlabel="true" ordinalvalue="10007" solutionaction="Removed" />
                            </row>
                            <row>
                              <cell id="{133d09d6-c374-954a-315b-435e1eeb722c}" showlabel="true" locklevel="0" visible="false" ordinalvalue="10008" solutionaction="Removed" />
                            </row>
                            <row>
                              <cell id="{3347e8a4-1679-65be-209a-51b4607a0e49}" showlabel="true" locklevel="0" ordinalvalue="10002" solutionaction="Added">
                                <labels>
                                  <label description="Type" languagecode="1033" />
                                </labels>
                                <control id="info_customtype" classid="{3EF39988-22BB-4f0b-BBBE-64B5A3748AEE}" datafieldname="info_customtype" disabled="false" uniqueid="{d91e39b9-983e-2209-69b5-56b12b4cd903}" />
                              </cell>
                            </row>
                            <row>
                              <cell id="{36ad5aa0-a310-a4d4-4473-26501d9eb984}" showlabel="true" locklevel="0" ordinalvalue="10003" solutionaction="Added">
                                <labels>
                                  <label description="Qualification" languagecode="1033" />
                                </labels>
                                <control id="info_qualification" classid="{0D2C745A-E5A8-4c8f-BA63-C6D3BB604660}" datafieldname="info_qualification" disabled="false" />
                              </cell>
                            </row>
                          </rows>
                        </section>
                        <section name="SUMMARY_TAB_section_6" showlabel="true" showbar="false" locklevel="0" id="{8b406cb5-a885-9b5e-ad30-ab6e8707dc79}" IsUserDefined="0" layout="varwidth" columns="1" labelwidth="115" celllabelalignment="Left" celllabelposition="Left" ordinalvalue="1" solutionaction="Removed" />
                        <section name="MapSection" showlabel="false" showbar="false" id="{e0109668-cb5b-4b6c-8ca6-9d0c4b24f385}" IsUserDefined="0" layout="varwidth" columns="1" labelwidth="115" celllabelposition="Left" ordinalvalue="2" solutionaction="Removed" />
                        <section name="BusinessCard" showlabel="true" locklevel="0" id="{d6928560-988d-56e4-55b6-99aa3c898561}" IsUserDefined="0" layout="varwidth" columns="1" labelwidth="115" celllabelalignment="Left" celllabelposition="Left" visible="false" ordinalvalue="3" solutionaction="Removed" />
                      </sections>
                    </column>
                    <column width="42%" id="1">
                      <sections>
                        <section name="SOCIAL_PANE_TAB" showlabel="false" showbar="false" id="{bea579b8-8901-77b0-1128-351760e68bd4}" IsUserDefined="0" layout="varwidth" columns="1" labelwidth="115" celllabelposition="Top" ordinalvalue="0" solutionaction="Removed" />
                        <section id="{cf53665d-ef7d-4bb8-b11a-ab0cc37df481}" name="SUMMARY_TAB_column_2_section_1" columns="11" showlabel="false" showbar="false" IsUserDefined="0" ordinalvalue="0" solutionaction="Added">
                          <labels>
                            <label description="section" languagecode="1033" />
                          </labels>
                          <rows>
                            <row>
                              <cell id="{521df905-1a9a-456e-a69c-0e00537b94c9}" ordinalvalue="10000">
                                <labels>
                                  <label description="" languagecode="1033" />
                                </labels>
                              </cell>
                              <cell id="{94b61db7-cb3d-4dbf-bb45-f7a2581e7768}" ordinalvalue="20001">
                                <labels>
                                  <label description="" languagecode="1033" />
                                </labels>
                              </cell>
                            </row>
                          </rows>
                        </section>
                      </sections>
                    </column>
                    <column width="25%" id="2">
                      <sections>
                        <section name="TalkingPoints_section" showlabel="false" showbar="false" locklevel="0" id="{493e163e-b936-e24d-83e0-e52dcecc5da9}" IsUserDefined="0" layout="varwidth" columns="1" labelwidth="115" celllabelalignment="Left" celllabelposition="Top" visible="false" ordinalvalue="0" solutionaction="Removed" />
                        <section name="Summary_section_6" showlabel="false" showbar="false" locklevel="0" id="{ea3bb0a6-b9dc-1b0e-5e7d-74a380ee79a3}" IsUserDefined="0" layout="varwidth" columns="1" labelwidth="115" ordinalvalue="1" solutionaction="Removed" />
                        <section name="CUSTOMER_DETAILS_TAB" showlabel="false" showbar="false" id="{0ed6b616-7ef0-4ffe-9a77-610beef03f9c}" IsUserDefined="0" layout="varwidth" columns="1" labelwidth="115" celllabelposition="Top" ordinalvalue="2" solutionaction="Removed" />
                        <section id="{46e2078b-4e80-47cb-939e-6be1d9122346}" name="SUMMARY_TAB_column_3_section_1" columns="11" showlabel="false" showbar="false" IsUserDefined="0" ordinalvalue="0" solutionaction="Added">
                          <labels>
                            <label description="section" languagecode="1033" />
                          </labels>
                          <rows>
                            <row>
                              <cell id="{e83dba4b-6f62-451b-9a60-475217a8856c}" ordinalvalue="10000">
                                <labels>
                                  <label description="" languagecode="1033" />
                                </labels>
                              </cell>
                              <cell id="{25abd0e0-f8b8-4a33-9662-00e39dd4d0db}" ordinalvalue="20001">
                                <labels>
                                  <label description="" languagecode="1033" />
                                </labels>
                              </cell>
                            </row>
                          </rows>
                        </section>
                      </sections>
                    </column>
                  </columns>
                </tab>
                <tab name="DETAILS_TAB" id="{fe1c5c3b-d556-4552-a444-4781214a6d63}" IsUserDefined="0" expanded="true" showlabel="true" ordinalvalue="1" solutionaction="Removed" />
                <tab name="urstab" id="{652516c4-a4ec-4153-7887-62b9e1843a29}" IsUserDefined="0" locklevel="0" showlabel="true" expanded="false" ordinalvalue="2" solutionaction="Removed" />
                <tab name="documents_sharepoint" id="{1960CA58-ED7E-4E66-A9CB-7566856DC3ED}" IsUserDefined="0" locklevel="0" showlabel="true" expanded="true" ordinalvalue="3" solutionaction="Removed" />
              </tabs>
              <header id="{3ff9aa06-4e43-41ce-afa9-22a038af5c19}" celllabelposition="Top" columns="111" labelwidth="115" celllabelalignment="Left" solutionaction="Modified">
                <rows>
                  <row>
                    <cell id="{24be01cc-16a6-8eea-8916-42d20a1097ae}" showlabel="true" locklevel="1" ordinalvalue="10000" solutionaction="Removed" />
                  </row>
                  <row>
                    <cell id="{7e07b238-250d-e2eb-3e55-80e9ba09835d}" showlabel="false" ordinalvalue="10000" solutionaction="Added">
                      <labels>
                        <label description="" languagecode="1033" />
                      </labels>
                    </cell>
                    <cell id="{cb0eab1a-9cdc-4b7d-3658-d3cb2156a674}" showlabel="false" ordinalvalue="20001" solutionaction="Added">
                      <labels>
                        <label description="" languagecode="1033" />
                      </labels>
                    </cell>
                    <cell id="{25350255-aaeb-a1ba-d1b2-d7cb5b77d42b}" showlabel="true" locklevel="0" ordinalvalue="30002" solutionaction="Added">
                      <labels>
                        <label description="Owner" languagecode="1033" />
                      </labels>
                      <control id="header_ownerid" classid="{270BD3DB-D9AF-4782-9025-509E298DEC0A}" datafieldname="ownerid" disabled="false" />
                    </cell>
                  </row>
                </rows>
              </header>
              <events>
                <event name="onload" application="true" active="true">
                  <Handlers solutionaction="Removed" />
                </event>
              </events>
              <Navigation>
                <NavBar>
                  <NavBarByRelationshipItem RelationshipName="contact_bookableresource_ContactId" Sequence="10000" Area="Info" Id="nav_contact_bookableresource_ContactId" Show="false" solutionaction="Removed" />
                  <NavBarByRelationshipItem Icon="$webresource:msdyn_/Icons/Sitemap/PurchaseOrder_32.png" RelationshipName="msdyn_contact_msdyn_purchaseorder_VendorSalesPerson" Sequence="10000" Client="Web" Area="Info" Id="nav_msdyn_contact_msdyn_purchaseorder_VendorSalesPerson" Show="false" solutionaction="Removed" />
                </NavBar>
                <NavBarAreas solutionaction="Added">
                  <NavBarArea Id="Info">
                    <Titles>
                      <Title LCID="1033" Text="Common" />
                    </Titles>
                  </NavBarArea>
                  <NavBarArea Id="Sales">
                    <Titles>
                      <Title LCID="1033" Text="Sales" />
                    </Titles>
                  </NavBarArea>
                  <NavBarArea Id="Service">
                    <Titles>
                      <Title LCID="1033" Text="Service" />
                    </Titles>
                  </NavBarArea>
                  <NavBarArea Id="Marketing">
                    <Titles>
                      <Title LCID="1033" Text="Marketing" />
                    </Titles>
                  </NavBarArea>
                  <NavBarArea Id="ProcessCenter">
                    <Titles>
                      <Title LCID="1033" Text="Process Sessions" />
                    </Titles>
                  </NavBarArea>
                </NavBarAreas>
              </Navigation>
              <controlDescriptions>
                <controlDescription forControl="{3ff9a528-dd50-4aca-8f10-2e5ed73513ad}" solutionaction="Removed" />
                <controlDescription forControl="{69d839e7-9935-3a7e-d978-85a1cdb50323}" solutionaction="Removed" />
                <controlDescription forControl="{5ca8c570-a541-4cf4-9209-99406ba7cbdf}" solutionaction="Removed" />
                <controlDescription forControl="{d1dcd57e-9298-2e88-395b-e30e8d3d05b5}" solutionaction="Removed" />
              </controlDescriptions>
              <formLibraries solutionaction="Removed" />
            </form>
            <LocalizedNames>
              <LocalizedName description="Contact" languagecode="1033" />
            </LocalizedNames>
            <Descriptions>
              <Description description="Updated default Contact form." languagecode="1033" />
            </Descriptions>
          </systemform>
        </forms>
        <forms type="quickCreate">
          <systemform>
            <formid>{661157fe-2fc9-4eaa-835f-5bfa2f7b64f7}</formid>
            <IntroducedVersion>6.0.0.0</IntroducedVersion>
            <FormPresentation>0</FormPresentation>
            <FormActivationState>1</FormActivationState>
            <form maxWidth="1900">
              <tabs>
                <tab id="{ee019344-2ac2-4ade-b2b8-630ff38801b1}" name="tab_1" showlabel="false" IsUserDefined="0" ordinalvalue="0">
                  <columns>
                    <column width="33%" id="0">
                      <sections>
                        <section id="{be7e5181-f67d-4fac-9420-ed9e2ac588fd}" name="tab_1_column_1_section_1" columns="1" showlabel="true" showbar="false" IsUserDefined="0" locklevel="0" labelwidth="115" celllabelalignment="Left" celllabelposition="Left" ordinalvalue="0">
                          <rows>
                            <row>
                              <cell id="{cc42934a-7770-eace-a535-ca3c4d3e4ca5}" showlabel="false" visible="false" locklevel="0" ordinalvalue="10000">
                                <labels>
                                  <label description="Business Card" languagecode="1033" solutionaction="Added" />
                                </labels>
                              </cell>
                            </row>
                            <row>
                              <cell id="{c7039214-3590-a99c-cce7-e18a7895d74e}" showlabel="true" locklevel="0" ordinalvalue="10003" solutionaction="Removed" />
                            </row>
                            <row>
                              <cell id="{64cb3028-1866-28da-8268-c5487ce86317}" showlabel="true" locklevel="0" ordinalvalue="10003" solutionaction="Modified" />
                            </row>
                            <row>
                              <cell id="{eecb929e-6870-61cb-a0d1-a6104bc501b8}" showlabel="true" locklevel="0" ordinalvalue="10004" solutionaction="Added">
                                <labels>
                                  <label description="Qualification" languagecode="1033" />
                                </labels>
                                <control id="info_qualification" classid="{0D2C745A-E5A8-4c8f-BA63-C6D3BB604660}" datafieldname="info_qualification" disabled="false" />
                              </cell>
                            </row>
                            <row>
                              <cell id="{411c787b-6b9a-57d7-aaaa-83e38c9008e5}" showlabel="true" locklevel="0" ordinalvalue="10005" solutionaction="Added">
                                <labels>
                                  <label description="Type" languagecode="1033" />
                                </labels>
                                <control id="info_customtype" classid="{3EF39988-22BB-4f0b-BBBE-64B5A3748AEE}" datafieldname="info_customtype" disabled="false" />
                              </cell>
                            </row>
                          </rows>
                        </section>
                      </sections>
                    </column>
                    <column width="33%" id="1">
                      <sections>
                        <section id="{b5f2a6a1-d1e1-439d-ab76-fbb48f1381d4}" name="tab_1_column_2_section_1" columns="1" showlabel="true" showbar="false" IsUserDefined="0" locklevel="0" labelwidth="115" celllabelalignment="Left" celllabelposition="Left" visible="false" ordinalvalue="0" solutionaction="Modified" />
                      </sections>
                    </column>
                    <column width="33%" id="2">
                      <sections>
                        <section id="{4e35e9f6-ac81-44cf-b8d6-91149b679634}" name="tab_1_column_3_section_1" columns="1" showlabel="true" showbar="false" IsUserDefined="0" locklevel="0" labelwidth="115" celllabelalignment="Left" celllabelposition="Left" visible="false" ordinalvalue="0" solutionaction="Modified" />
                      </sections>
                    </column>
                  </columns>
                </tab>
              </tabs>
            </form>
            <LocalizedNames>
              <LocalizedName description="Contact Quick Create" languagecode="1033" />
            </LocalizedNames>
            <Descriptions>
              <Description description="Updated quick create form for Contact" languagecode="1033" />
            </Descriptions>
          </systemform>
        </forms>
      </FormXml>
      <SavedQueries>
        <savedqueries>
          <savedquery>
            <isquickfindquery>0</isquickfindquery>
            <isprivate>0</isprivate>
            <isdefault>0</isdefault>
            <savedqueryid>{00000000-0000-0000-00aa-000010001004}</savedqueryid>
            <queryapi></queryapi>
            <layoutxml>
              <grid name="resultset" jump="fullname" select="1" icon="1" preview="1">
                <row name="result" id="contactid">
                  <cell name="fullname" width="300" />
                  <cell name="info_qualification" width="100" />
                  <cell name="info_customtype" width="100" />
                  <cell name="parentcustomerid" width="150" />
                </row>
              </grid>
            </layoutxml>
            <querytype>0</querytype>
            <fetchxml>
              <fetch version="1.0" output-format="xml-platform" mapping="logical">
                <entity name="contact">
                  <attribute name="fullname" />
                  <order attribute="fullname" descending="false" />
                  <attribute name="parentcustomerid" />
                  <filter type="and">
                    <condition attribute="statecode" operator="eq" value="0" />
                  </filter>
                  <attribute name="info_customtype" />
                  <attribute name="info_qualification" />
                  <attribute name="contactid" />
                </entity>
              </fetch>
            </fetchxml>
            <IntroducedVersion>5.0.0.0</IntroducedVersion>
            <LocalizedNames>
              <LocalizedName description="Active Contacts" languagecode="1033" />
            </LocalizedNames>
          </savedquery>
        </savedqueries>
      </SavedQueries>
      <RibbonDiffXml>
        <CustomActions />
        <Templates>
          <RibbonTemplates Id="Mscrm.Templates"></RibbonTemplates>
        </Templates>
        <CommandDefinitions />
        <RuleDefinitions>
          <TabDisplayRules />
          <DisplayRules />
          <EnableRules />
        </RuleDefinitions>
        <LocLabels />
      </RibbonDiffXml>
    </Entity>
  </Entities>
  <Roles></Roles>
  <Workflows></Workflows>
  <FieldSecurityProfiles></FieldSecurityProfiles>
  <Templates />
  <EntityMaps />
  <EntityRelationships />
  <OrganizationSettings />
  <optionsets />
  <WebResources>
    <WebResource>
      <WebResourceId>{b1289a97-07a2-eb11-b1ac-0022483741cc}</WebResourceId>
      <Name>info_/CustomWebResources/Account.js</Name>
      <DisplayName>Account.js</DisplayName>
      <WebResourceType>3</WebResourceType>
      <IntroducedVersion>1.0.0.0</IntroducedVersion>
      <IsEnabledForMobileClient>0</IsEnabledForMobileClient>
      <IsAvailableForMobileOffline>0</IsAvailableForMobileOffline>
      <DependencyXml>&lt;Dependencies&gt;&lt;Dependency componentType="WebResource"/&gt;&lt;/Dependencies&gt;</DependencyXml>
      <IsCustomizable>1</IsCustomizable>
      <CanBeDeleted>1</CanBeDeleted>
      <IsHidden>0</IsHidden>
      <FileName>/WebResources/info_CustomWebResourcesAccountjsB1289A97-07A2-EB11-B1AC-0022483741CC</FileName>
    </WebResource>
  </WebResources>
  <CustomControls />
  <EntityDataProviders />
  <Languages>
    <Language>1033</Language>
  </Languages>
</ImportExportXml>