<ImportExportXml version="9.2.21041.142" SolutionPackageVersion="9.2" languagecode="1033" generatedBy="CrmLive" xmlns:xsi="http://www.w3.org/2001/XMLSchema-instance">
  <SolutionManifest>
    <UniqueName>Infoavan</UniqueName>
    <LocalizedNames>
      <LocalizedName description="Infoavan" languagecode="1033" />
    </LocalizedNames>
    <Descriptions />
    <Version>1.0.0.0</Version>
    <Managed>1</Managed>
    <Publisher>
      <UniqueName>infoavan</UniqueName>
      <LocalizedNames>
        <LocalizedName description="Infoavan" languagecode="1033" />
      </LocalizedNames>
      <Descriptions />
      <EMailAddress xsi:nil="true"></EMailAddress>
      <SupportingWebsiteUrl xsi:nil="true"></SupportingWebsiteUrl>
      <CustomizationPrefix>info</CustomizationPrefix>
      <CustomizationOptionValuePrefix>64130</CustomizationOptionValuePrefix>
      <Addresses>
        <Address>
          <AddressNumber>1</AddressNumber>
          <AddressTypeCode>1</AddressTypeCode>
          <City xsi:nil="true"></City>
          <County xsi:nil="true"></County>
          <Country xsi:nil="true"></Country>
          <Fax xsi:nil="true"></Fax>
          <FreightTermsCode xsi:nil="true"></FreightTermsCode>
          <ImportSequenceNumber xsi:nil="true"></ImportSequenceNumber>
          <Latitude xsi:nil="true"></Latitude>
          <Line1 xsi:nil="true"></Line1>
          <Line2 xsi:nil="true"></Line2>
          <Line3 xsi:nil="true"></Line3>
          <Longitude xsi:nil="true"></Longitude>
          <Name xsi:nil="true"></Name>
          <PostalCode xsi:nil="true"></PostalCode>
          <PostOfficeBox xsi:nil="true"></PostOfficeBox>
          <PrimaryContactName xsi:nil="true"></PrimaryContactName>
          <ShippingMethodCode>1</ShippingMethodCode>
          <StateOrProvince xsi:nil="true"></StateOrProvince>
          <Telephone1 xsi:nil="true"></Telephone1>
          <Telephone2 xsi:nil="true"></Telephone2>
          <Telephone3 xsi:nil="true"></Telephone3>
          <TimeZoneRuleVersionNumber xsi:nil="true"></TimeZoneRuleVersionNumber>
          <UPSZone xsi:nil="true"></UPSZone>
          <UTCOffset xsi:nil="true"></UTCOffset>
          <UTCConversionTimeZoneCode xsi:nil="true"></UTCConversionTimeZoneCode>
        </Address>
        <Address>
          <AddressNumber>2</AddressNumber>
          <AddressTypeCode>1</AddressTypeCode>
          <City xsi:nil="true"></City>
          <County xsi:nil="true"></County>
          <Country xsi:nil="true"></Country>
          <Fax xsi:nil="true"></Fax>
          <FreightTermsCode xsi:nil="true"></FreightTermsCode>
          <ImportSequenceNumber xsi:nil="true"></ImportSequenceNumber>
          <Latitude xsi:nil="true"></Latitude>
          <Line1 xsi:nil="true"></Line1>
          <Line2 xsi:nil="true"></Line2>
          <Line3 xsi:nil="true"></Line3>
          <Longitude xsi:nil="true"></Longitude>
          <Name xsi:nil="true"></Name>
          <PostalCode xsi:nil="true"></PostalCode>
          <PostOfficeBox xsi:nil="true"></PostOfficeBox>
          <PrimaryContactName xsi:nil="true"></PrimaryContactName>
          <ShippingMethodCode>1</ShippingMethodCode>
          <StateOrProvince xsi:nil="true"></StateOrProvince>
          <Telephone1 xsi:nil="true"></Telephone1>
          <Telephone2 xsi:nil="true"></Telephone2>
          <Telephone3 xsi:nil="true"></Telephone3>
          <TimeZoneRuleVersionNumber xsi:nil="true"></TimeZoneRuleVersionNumber>
          <UPSZone xsi:nil="true"></UPSZone>
          <UTCOffset xsi:nil="true"></UTCOffset>
          <UTCConversionTimeZoneCode xsi:nil="true"></UTCConversionTimeZoneCode>
        </Address>
      </Addresses>
    </Publisher>
    <RootComponents>
      <RootComponent type="1" schemaName="account" behavior="2" />
      <RootComponent type="1" schemaName="contact" behavior="1" />
      <RootComponent type="29" id="{0870a6ec-6579-4756-a207-96ec00645d1b}" behavior="0" />
      <RootComponent type="29" id="{40189833-9aef-45f6-ad3f-05b4f3ad6995}" behavior="0" />
      <RootComponent type="29" id="{8bc05ff1-2712-45de-bec9-eaa22097ab6a}" behavior="0" />
      <RootComponent type="29" id="{9a8960f4-36d3-470c-9b86-b51c913b57ff}" behavior="0" />
      <RootComponent type="29" id="{fa5af048-c3a3-4691-ad62-fcfefa3f3068}" behavior="0" />
      <RootComponent type="60" id="{1fed44d1-ae68-4a41-bd2b-f13acac4acfa}" />
      <RootComponent type="60" id="{28b5b9b6-dfa2-45d6-8a81-3f6ba02a098a}" />
      <RootComponent type="60" id="{293c878f-f068-40a0-ae48-4297e060871c}" />
      <RootComponent type="60" id="{661157fe-2fc9-4eaa-835f-5bfa2f7b64f7}" />
      <RootComponent type="60" id="{6df8e8ce-7655-468c-925e-660d59aa7f4c}" />
      <RootComponent type="60" id="{74da4947-5d1d-4400-9f99-c6ed578211bb}" />
      <RootComponent type="60" id="{8448b78f-8f42-454e-8e2a-f8196b0419af}" />
      <RootComponent type="60" id="{894cc46a-b0cb-4ab0-8bf6-200544e46a2d}" />
      <RootComponent type="60" id="{986258b5-2985-4ae0-970a-5e1d108ab793}" />
      <RootComponent type="60" id="{a72c7955-442b-4ea4-9499-b10cd18b4256}" />
      <RootComponent type="60" id="{cb430327-bcc1-416d-959d-db7592e685af}" />
      <RootComponent type="60" id="{cc760212-3eab-4009-b5c3-ea9cf6f3e141}" />
      <RootComponent type="60" id="{e06af4d1-2812-45c7-a9c2-9fb73fee7bec}" />
      <RootComponent type="60" id="{ff49442f-8c60-4877-bdae-8fe51e6f4636}" />
      <RootComponent type="61" schemaName="info_/CustomWebResources/Account.js" behavior="0" />
      <RootComponent type="61" schemaName="info_/CustomWebResources/ContactRibbon.js" behavior="0" />
      <RootComponent type="91" id="{62b863c6-0399-4b2f-90c8-e3f7c02320d1}" schemaName="Infoavan.Plugins, Version=1.0.0.0, Culture=neutral, PublicKeyToken=58f02466e12275a3" behavior="0" />
      <RootComponent type="92" id="{e7e1e6fa-28a2-eb11-b1ac-0022483741cc}" behavior="0" />
    </RootComponents>
    <MissingDependencies>
      <MissingDependency>
        <Required key="0" type="1" schemaName="msdyn_workorder" displayName="Work Order" solution="FieldService (8.8.0.88)" />
        <Dependent key="1" type="60" displayName="Account - Mobile" parentDisplayName="Account" id="{74da4947-5d1d-4400-9f99-c6ed578211bb}" />
      </MissingDependency>
      <MissingDependency>
        <Required key="2" type="1" schemaName="msdyn_customerasset" displayName="Customer Asset" solution="msdyn_AssetCommon (1.0.7.96)" />
        <Dependent key="1" type="60" displayName="Account - Mobile" parentDisplayName="Account" id="{74da4947-5d1d-4400-9f99-c6ed578211bb}" />
      </MissingDependency>
      <MissingDependency>
        <Required key="3" type="2" schemaName="msdyn_billingaccount" displayName="Billing Account" parentSchemaName="account" parentDisplayName="Account" solution="FieldServiceCommon (1.0.0.134)" />
        <Dependent key="1" type="60" displayName="Account - Mobile" parentDisplayName="Account" id="{74da4947-5d1d-4400-9f99-c6ed578211bb}" />
      </MissingDependency>
      <MissingDependency>
        <Required key="4" type="2" schemaName="defaultpricelevelid" displayName="Product Price List" parentSchemaName="account" parentDisplayName="Account" solution="msdynce_ProductManagement (9.0.4.0066)" />
        <Dependent key="1" type="60" displayName="Account - Mobile" parentDisplayName="Account" id="{74da4947-5d1d-4400-9f99-c6ed578211bb}" />
      </MissingDependency>
      <MissingDependency>
        <Required key="5" type="2" schemaName="msdyn_workorderinstructions" displayName="Work Order Instructions" parentSchemaName="account" parentDisplayName="Account" solution="FieldService (8.8.0.88)" />
        <Dependent key="1" type="60" displayName="Account - Mobile" parentDisplayName="Account" id="{74da4947-5d1d-4400-9f99-c6ed578211bb}" />
      </MissingDependency>
      <MissingDependency>
        <Required key="6" type="2" schemaName="msdyn_serviceterritory" displayName="Service Territory" parentSchemaName="account" parentDisplayName="Account" solution="FieldService (8.8.0.88)" />
        <Dependent key="1" type="60" displayName="Account - Mobile" parentDisplayName="Account" id="{74da4947-5d1d-4400-9f99-c6ed578211bb}" />
      </MissingDependency>
      <MissingDependency>
        <Required key="7" type="10" schemaName="msdyn_account_msdyn_workorder_ServiceAccount" displayName="msdyn_account_msdyn_workorder_ServiceAccount" parentSchemaName="account" parentDisplayName="Account" solution="FieldService (8.8.0.88)" />
        <Dependent key="1" type="60" displayName="Account - Mobile" parentDisplayName="Account" id="{74da4947-5d1d-4400-9f99-c6ed578211bb}" />
      </MissingDependency>
      <MissingDependency>
        <Required key="8" type="10" schemaName="msdyn_account_msdyn_agreement_ServiceAccount" displayName="msdyn_account_msdyn_agreement_ServiceAccount" parentSchemaName="account" parentDisplayName="Account" solution="FieldService (8.8.0.88)" />
        <Dependent key="1" type="60" displayName="Account - Mobile" parentDisplayName="Account" id="{74da4947-5d1d-4400-9f99-c6ed578211bb}" />
      </MissingDependency>
      <MissingDependency>
        <Required key="9" type="10" schemaName="msdyn_territory_account_ServiceTerritory" displayName="msdyn_territory_account_ServiceTerritory" parentSchemaName="territory" parentDisplayName="Territory" solution="FieldService (8.8.0.88)" />
        <Dependent key="1" type="60" displayName="Account - Mobile" parentDisplayName="Account" id="{74da4947-5d1d-4400-9f99-c6ed578211bb}" />
      </MissingDependency>
      <MissingDependency>
        <Required key="10" type="10" schemaName="msdyn_account_msdyn_purchaseorder_Vendor" displayName="msdyn_account_msdyn_purchaseorder_Vendor" parentSchemaName="account" parentDisplayName="Account" solution="FieldServiceCommon (1.0.0.134)" />
        <Dependent key="1" type="60" displayName="Account - Mobile" parentDisplayName="Account" id="{74da4947-5d1d-4400-9f99-c6ed578211bb}" />
      </MissingDependency>
      <MissingDependency>
        <Required key="11" type="10" schemaName="msdyn_account_account_BillingAccount" displayName="msdyn_account_account_BillingAccount" parentSchemaName="account" parentDisplayName="Account" solution="FieldServiceCommon (1.0.0.134)" />
        <Dependent key="1" type="60" displayName="Account - Mobile" parentDisplayName="Account" id="{74da4947-5d1d-4400-9f99-c6ed578211bb}" />
      </MissingDependency>
      <MissingDependency>
        <Required key="12" type="10" schemaName="msdyn_account_msdyn_customerasset_Account" displayName="msdyn_account_msdyn_customerasset_Account" parentSchemaName="msdyn_customerasset" parentDisplayName="Customer Asset" solution="msdyn_AssetCommon (1.0.7.96)" />
        <Dependent key="1" type="60" displayName="Account - Mobile" parentDisplayName="Account" id="{74da4947-5d1d-4400-9f99-c6ed578211bb}" />
      </MissingDependency>
      <MissingDependency>
        <Required key="13" type="10" schemaName="msdyn_account_quote_Account" displayName="msdyn_account_quote_Account" parentSchemaName="account" parentDisplayName="Account" solution="FieldService (8.8.0.88)" />
        <Dependent key="1" type="60" displayName="Account - Mobile" parentDisplayName="Account" id="{74da4947-5d1d-4400-9f99-c6ed578211bb}" />
      </MissingDependency>
      <MissingDependency>
        <Required key="14" type="10" schemaName="msdyn_account_salesorder_Account" displayName="msdyn_account_salesorder_Account" parentSchemaName="account" parentDisplayName="Account" solution="FieldService (8.8.0.88)" />
        <Dependent key="1" type="60" displayName="Account - Mobile" parentDisplayName="Account" id="{74da4947-5d1d-4400-9f99-c6ed578211bb}" />
      </MissingDependency>
      <MissingDependency>
        <Required key="15" type="20" displayName="Field Service - Resource" solution="FieldService (8.8.0.88)" id="{dc08bfde-da92-e111-9d8c-000c2959f9b8}" />
        <Dependent key="1" type="60" displayName="Account - Mobile" parentDisplayName="Account" id="{74da4947-5d1d-4400-9f99-c6ed578211bb}" />
      </MissingDependency>
      <MissingDependency>
        <Required key="16" type="26" schemaName="Active Work Orders" displayName="Active Work Orders" parentSchemaName="msdyn_workorder" parentDisplayName="Work Order" solution="FieldService (8.8.0.88)" id="{fce37246-eba1-4e92-bb9d-f8cb3ec38e3f}" />
        <Dependent key="1" type="60" displayName="Account - Mobile" parentDisplayName="Account" id="{74da4947-5d1d-4400-9f99-c6ed578211bb}" />
      </MissingDependency>
      <MissingDependency>
        <Required key="17" type="26" schemaName="Active Customer Assets" displayName="Active Customer Assets" parentSchemaName="msdyn_customerasset" parentDisplayName="Customer Asset" solution="msdyn_AssetCommon (1.0.7.96)" id="{6ecb03a4-acda-44ae-83e3-c60ba8338dbb}" />
        <Dependent key="1" type="60" displayName="Account - Mobile" parentDisplayName="Account" id="{74da4947-5d1d-4400-9f99-c6ed578211bb}" />
      </MissingDependency>
      <MissingDependency>
        <Required key="18" type="59" schemaName="Active Work Orders By Type" displayName="Active Work Orders By Type" parentSchemaName="msdyn_workorder" parentDisplayName="Work Order" solution="FieldService (8.8.0.88)" id="{8e746648-1a4e-e111-93b3-000c2959f9b8}" />
        <Dependent key="1" type="60" displayName="Account - Mobile" parentDisplayName="Account" id="{74da4947-5d1d-4400-9f99-c6ed578211bb}" />
      </MissingDependency>
      <MissingDependency>
        <Required key="1" type="60" displayName="Account - Mobile" parentDisplayName="Account" solution="FieldService (8.8.0.88)" id="{74da4947-5d1d-4400-9f99-c6ed578211bb}" />
        <Dependent key="1" type="60" displayName="Account - Mobile" parentDisplayName="Account" id="{74da4947-5d1d-4400-9f99-c6ed578211bb}" />
      </MissingDependency>
      <MissingDependency>
        <Required key="19" type="66" schemaName="Microsoft.AddressInputUCI" displayName="Microsoft.AddressInputUCI" solution="BaseCustomControlsCore (9.0.2104.1016)" />
        <Dependent key="1" type="60" displayName="Account - Mobile" parentDisplayName="Account" id="{74da4947-5d1d-4400-9f99-c6ed578211bb}" />
      </MissingDependency>
      <MissingDependency>
        <Required key="20" type="66" schemaName="MscrmControls.WebsitePreview.PreviewControl" displayName="MscrmControls.WebsitePreview.PreviewControl" solution="CustomControlsCore (9.2.21041.00142)" />
        <Dependent key="1" type="60" displayName="Account - Mobile" parentDisplayName="Account" id="{74da4947-5d1d-4400-9f99-c6ed578211bb}" />
      </MissingDependency>
      <MissingDependency>
        <Required key="21" type="66" schemaName="msdyn_MscrmControls.TreeView.TreeViewControl" displayName="msdyn_MscrmControls.TreeView.TreeViewControl" solution="msdyn_AssetCommon (1.0.7.96)" />
        <Dependent key="1" type="60" displayName="Account - Mobile" parentDisplayName="Account" id="{74da4947-5d1d-4400-9f99-c6ed578211bb}" />
      </MissingDependency>
      <MissingDependency>
        <Required key="22" type="61" schemaName="AppCommon/Account/Account_main_system_library.js" displayName="AppCommon/Account/Account_main_system_library.js" solution="msdynce_AppCommon (9.0.4.0066)" />
        <Dependent key="1" type="60" displayName="Account - Mobile" parentDisplayName="Account" id="{74da4947-5d1d-4400-9f99-c6ed578211bb}" />
      </MissingDependency>
      <MissingDependency>
        <Required key="23" type="61" schemaName="msdyn_/Account/Account.Library.js" displayName="msdyn_/Account/Account.Library.js" solution="FieldService (8.8.0.88)" />
        <Dependent key="1" type="60" displayName="Account - Mobile" parentDisplayName="Account" id="{74da4947-5d1d-4400-9f99-c6ed578211bb}" />
      </MissingDependency>
      <MissingDependency>
        <Required key="24" type="61" schemaName="msdyn_/Utils/FieldServiceTrial.js" displayName="msdyn_/Utils/FieldServiceTrial.js" solution="FieldService (8.8.0.88)" />
        <Dependent key="1" type="60" displayName="Account - Mobile" parentDisplayName="Account" id="{74da4947-5d1d-4400-9f99-c6ed578211bb}" />
      </MissingDependency>
      <MissingDependency>
        <Required key="25" type="1" schemaName="opportunity" displayName="Opportunity" solution="msdynce_Sales (9.0.4.0076)" />
        <Dependent key="26" type="60" displayName="Sales Insights" parentDisplayName="Account" id="{cb430327-bcc1-416d-959d-db7592e685af}" />
      </MissingDependency>
      <MissingDependency>
        <Required key="27" type="2" schemaName="originatingleadid" displayName="Originating Lead" parentSchemaName="account" parentDisplayName="Account" solution="msdynce_LeadManagement (9.0.4.0066)" />
        <Dependent key="26" type="60" displayName="Sales Insights" parentDisplayName="Account" id="{cb430327-bcc1-416d-959d-db7592e685af}" />
      </MissingDependency>
      <MissingDependency>
        <Required key="28" type="26" schemaName="Recent Opportunities" displayName="Recent Opportunities" parentSchemaName="opportunity" parentDisplayName="Opportunity" solution="msdynce_Sales (9.0.4.0076)" id="{9c3f7ee8-eca7-e211-9fb6-00155dd0ea05}" />
        <Dependent key="26" type="60" displayName="Sales Insights" parentDisplayName="Account" id="{cb430327-bcc1-416d-959d-db7592e685af}" />
      </MissingDependency>
      <MissingDependency>
        <Required key="29" type="26" schemaName="My Open Opportunities" displayName="My Open Opportunities" parentSchemaName="opportunity" parentDisplayName="Opportunity" solution="msdynce_Sales (9.0.4.0076)" id="{00000000-0000-0000-00aa-000010003000}" />
        <Dependent key="26" type="60" displayName="Sales Insights" parentDisplayName="Account" id="{cb430327-bcc1-416d-959d-db7592e685af}" />
      </MissingDependency>
      <MissingDependency>
        <Required key="30" type="59" schemaName="Top Customers" displayName="Top Customers" parentSchemaName="opportunity" parentDisplayName="Opportunity" solution="msdynce_Sales (9.0.4.0076)" id="{8bc5fb18-48f2-4782-9e16-3d452fa4ddce}" />
        <Dependent key="26" type="60" displayName="Sales Insights" parentDisplayName="Account" id="{cb430327-bcc1-416d-959d-db7592e685af}" />
      </MissingDependency>
      <MissingDependency>
        <Required key="26" type="60" displayName="Sales Insights" parentDisplayName="Account" solution="SICommon (9.0.2.1547)" id="{cb430327-bcc1-416d-959d-db7592e685af}" />
        <Dependent key="26" type="60" displayName="Sales Insights" parentDisplayName="Account" id="{cb430327-bcc1-416d-959d-db7592e685af}" />
      </MissingDependency>
      <MissingDependency>
        <Required key="31" type="60" displayName="account contact card" parentDisplayName="Contact" solution="msdynce_AppCommon (9.0.4.0066)" id="{29de27bc-a257-4f29-99cf-bab4a84e688f}" />
        <Dependent key="26" type="60" displayName="Sales Insights" parentDisplayName="Account" id="{cb430327-bcc1-416d-959d-db7592e685af}" />
      </MissingDependency>
      <MissingDependency>
        <Required key="32" type="66" schemaName="MscrmControls.CardFeedContainer.CardFeedContainer" displayName="MscrmControls.CardFeedContainer.CardFeedContainer" solution="BaseCustomControlsCore (9.0.2104.1016)" />
        <Dependent key="26" type="60" displayName="Sales Insights" parentDisplayName="Account" id="{cb430327-bcc1-416d-959d-db7592e685af}" />
      </MissingDependency>
      <MissingDependency>
        <Required key="33" type="1" schemaName="incident" displayName="Case" solution="msdynce_Service (9.0.5.56)" />
        <Dependent key="34" type="60" displayName="Contact for Multisession experience" parentDisplayName="Contact" id="{e06af4d1-2812-45c7-a9c2-9fb73fee7bec}" />
      </MissingDependency>
      <MissingDependency>
        <Required key="35" type="2" schemaName="originatingleadid" displayName="Originating Lead" parentSchemaName="contact" parentDisplayName="Contact" solution="msdynce_LeadManagement (9.0.4.0066)" />
        <Dependent key="34" type="60" displayName="Contact for Multisession experience" parentDisplayName="Contact" id="{e06af4d1-2812-45c7-a9c2-9fb73fee7bec}" />
      </MissingDependency>
      <MissingDependency>
        <Required key="36" type="20" displayName="CSR Manager" solution="msdynce_Service (9.0.5.56)" id="{79308908-8dc5-41f1-a092-18df485caeb8}" parentId="{1808b939-dd07-4ca7-aa99-ddd2734378f1}" />
        <Dependent key="34" type="60" displayName="Contact for Multisession experience" parentDisplayName="Contact" id="{e06af4d1-2812-45c7-a9c2-9fb73fee7bec}" />
      </MissingDependency>
      <MissingDependency>
        <Required key="37" type="20" displayName="Customer service app access" solution="msdynce_Customerservicehub (9.0.5.0056)" id="{3dac4d9e-568c-e611-80d4-00155d42a122}" />
        <Dependent key="34" type="60" displayName="Contact for Multisession experience" parentDisplayName="Contact" id="{e06af4d1-2812-45c7-a9c2-9fb73fee7bec}" />
      </MissingDependency>
      <MissingDependency>
        <Required key="38" type="20" displayName="Customer Service Representative" solution="msdynce_Service (9.0.5.56)" id="{d1d2a7e0-af20-46ce-a3e1-d32c6d79d83c}" parentId="{ecfd0b44-5720-45e3-ae68-417ddb0fb654}" />
        <Dependent key="34" type="60" displayName="Contact for Multisession experience" parentDisplayName="Contact" id="{e06af4d1-2812-45c7-a9c2-9fb73fee7bec}" />
      </MissingDependency>
      <MissingDependency>
        <Required key="39" type="26" schemaName="My Active Cases" displayName="My Active Cases" parentSchemaName="incident" parentDisplayName="Case" solution="msdynce_Service (9.0.5.56)" id="{00000000-0000-0000-00aa-000010001028}" />
        <Dependent key="34" type="60" displayName="Contact for Multisession experience" parentDisplayName="Contact" id="{e06af4d1-2812-45c7-a9c2-9fb73fee7bec}" />
      </MissingDependency>
      <MissingDependency>
        <Required key="40" type="59" schemaName="Active Cases by Agent" displayName="Active Cases by Agent" parentSchemaName="incident" parentDisplayName="Case" solution="msdynce_Service (9.0.5.56)" id="{4143b74e-4a07-4d01-9ffe-2cdcaa4208fd}" />
        <Dependent key="34" type="60" displayName="Contact for Multisession experience" parentDisplayName="Contact" id="{e06af4d1-2812-45c7-a9c2-9fb73fee7bec}" />
      </MissingDependency>
      <MissingDependency>
        <Required key="41" type="60" displayName="contact card" parentDisplayName="Contact" solution="msdynce_AppCommon (9.0.4.0066)" id="{707fc57b-c5e6-471b-a180-e37ed28a38e2}" />
        <Dependent key="34" type="60" displayName="Contact for Multisession experience" parentDisplayName="Contact" id="{e06af4d1-2812-45c7-a9c2-9fb73fee7bec}" />
      </MissingDependency>
      <MissingDependency>
        <Required key="34" type="60" displayName="Contact for Multisession experience" parentDisplayName="Contact" solution="msdynce_ServicePatch201911 (9.0.21034.1013)" id="{e06af4d1-2812-45c7-a9c2-9fb73fee7bec}" />
        <Dependent key="34" type="60" displayName="Contact for Multisession experience" parentDisplayName="Contact" id="{e06af4d1-2812-45c7-a9c2-9fb73fee7bec}" />
      </MissingDependency>
      <MissingDependency>
        <Required key="42" type="61" schemaName="msdyn_/RecordWall.htm" displayName="msdyn_/RecordWall.htm" solution="ActivityFeedsCore (9.0.0.0005)" />
        <Dependent key="34" type="60" displayName="Contact for Multisession experience" parentDisplayName="Contact" id="{e06af4d1-2812-45c7-a9c2-9fb73fee7bec}" />
      </MissingDependency>
      <MissingDependency>
        <Required key="43" type="61" schemaName="AppCommon/Contact/Contact_main_system_library.js" displayName="AppCommon/Contact/Contact_main_system_library.js" solution="msdynce_AppCommon (9.0.4.0066)" />
        <Dependent key="34" type="60" displayName="Contact for Multisession experience" parentDisplayName="Contact" id="{e06af4d1-2812-45c7-a9c2-9fb73fee7bec}" />
      </MissingDependency>
      <MissingDependency>
        <Required key="44" type="61" schemaName="msdyn_/ActivityFeeds.Form.js" displayName="msdyn_/ActivityFeeds.Form.js" solution="ActivityFeedsCore (9.0.0.0005)" />
        <Dependent key="34" type="60" displayName="Contact for Multisession experience" parentDisplayName="Contact" id="{e06af4d1-2812-45c7-a9c2-9fb73fee7bec}" />
      </MissingDependency>
      <MissingDependency>
        <Required key="25" type="1" schemaName="opportunity" displayName="Opportunity" solution="msdynce_Sales (9.0.4.0076)" />
        <Dependent key="45" type="60" displayName="AI for Sales" parentDisplayName="Contact" id="{293c878f-f068-40a0-ae48-4297e060871c}" />
      </MissingDependency>
      <MissingDependency>
        <Required key="35" type="2" schemaName="originatingleadid" displayName="Originating Lead" parentSchemaName="contact" parentDisplayName="Contact" solution="msdynce_LeadManagement (9.0.4.0066)" />
        <Dependent key="45" type="60" displayName="AI for Sales" parentDisplayName="Contact" id="{293c878f-f068-40a0-ae48-4297e060871c}" />
      </MissingDependency>
      <MissingDependency>
        <Required key="29" type="26" schemaName="My Open Opportunities" displayName="My Open Opportunities" parentSchemaName="opportunity" parentDisplayName="Opportunity" solution="msdynce_Sales (9.0.4.0076)" id="{00000000-0000-0000-00aa-000010003000}" />
        <Dependent key="45" type="60" displayName="AI for Sales" parentDisplayName="Contact" id="{293c878f-f068-40a0-ae48-4297e060871c}" />
      </MissingDependency>
      <MissingDependency>
        <Required key="28" type="26" schemaName="Recent Opportunities" displayName="Recent Opportunities" parentSchemaName="opportunity" parentDisplayName="Opportunity" solution="msdynce_Sales (9.0.4.0076)" id="{9c3f7ee8-eca7-e211-9fb6-00155dd0ea05}" />
        <Dependent key="45" type="60" displayName="AI for Sales" parentDisplayName="Contact" id="{293c878f-f068-40a0-ae48-4297e060871c}" />
      </MissingDependency>
      <MissingDependency>
        <Required key="30" type="59" schemaName="Top Customers" displayName="Top Customers" parentSchemaName="opportunity" parentDisplayName="Opportunity" solution="msdynce_Sales (9.0.4.0076)" id="{8bc5fb18-48f2-4782-9e16-3d452fa4ddce}" />
        <Dependent key="45" type="60" displayName="AI for Sales" parentDisplayName="Contact" id="{293c878f-f068-40a0-ae48-4297e060871c}" />
      </MissingDependency>
      <MissingDependency>
        <Required key="31" type="60" displayName="account contact card" parentDisplayName="Contact" solution="msdynce_AppCommon (9.0.4.0066)" id="{29de27bc-a257-4f29-99cf-bab4a84e688f}" />
        <Dependent key="45" type="60" displayName="AI for Sales" parentDisplayName="Contact" id="{293c878f-f068-40a0-ae48-4297e060871c}" />
      </MissingDependency>
      <MissingDependency>
        <Required key="45" type="60" displayName="AI for Sales" parentDisplayName="Contact" solution="SICommon (9.0.2.1547)" id="{293c878f-f068-40a0-ae48-4297e060871c}" />
        <Dependent key="45" type="60" displayName="AI for Sales" parentDisplayName="Contact" id="{293c878f-f068-40a0-ae48-4297e060871c}" />
      </MissingDependency>
      <MissingDependency>
        <Required key="46" type="66" schemaName="MscrmControls.TalkingPointsControl.TalkingPoints" displayName="MscrmControls.TalkingPointsControl.TalkingPoints" solution="msdynce_Talkingpoints (9.0.1.701283)" />
        <Dependent key="45" type="60" displayName="AI for Sales" parentDisplayName="Contact" id="{293c878f-f068-40a0-ae48-4297e060871c}" />
      </MissingDependency>
      <MissingDependency>
        <Required key="32" type="66" schemaName="MscrmControls.CardFeedContainer.CardFeedContainer" displayName="MscrmControls.CardFeedContainer.CardFeedContainer" solution="BaseCustomControlsCore (9.0.2104.1016)" />
        <Dependent key="45" type="60" displayName="AI for Sales" parentDisplayName="Contact" id="{293c878f-f068-40a0-ae48-4297e060871c}" />
      </MissingDependency>
      <MissingDependency>
        <Required key="47" type="61" schemaName="msdyn_talkingpointsloader.js" displayName="msdyn_talkingpointsloader.js" solution="msdynce_Talkingpoints (9.0.1.701283)" />
        <Dependent key="45" type="60" displayName="AI for Sales" parentDisplayName="Contact" id="{293c878f-f068-40a0-ae48-4297e060871c}" />
      </MissingDependency>
      <MissingDependency>
        <Required key="43" type="61" schemaName="AppCommon/Contact/Contact_main_system_library.js" displayName="AppCommon/Contact/Contact_main_system_library.js" solution="msdynce_AppCommon (9.0.4.0066)" />
        <Dependent key="45" type="60" displayName="AI for Sales" parentDisplayName="Contact" id="{293c878f-f068-40a0-ae48-4297e060871c}" />
      </MissingDependency>
      <MissingDependency>
        <Required key="48" type="1" schemaName="salesorder" displayName="Order" solution="msdynce_Sales (9.0.4.0076)" />
        <Dependent key="49" type="60" displayName="Contact - Mobile" parentDisplayName="Contact" id="{28b5b9b6-dfa2-45d6-8a81-3f6ba02a098a}" />
      </MissingDependency>
      <MissingDependency>
        <Required key="50" type="1" schemaName="invoice" displayName="Invoice" solution="msdynce_Sales (9.0.4.0076)" />
        <Dependent key="49" type="60" displayName="Contact - Mobile" parentDisplayName="Contact" id="{28b5b9b6-dfa2-45d6-8a81-3f6ba02a098a}" />
      </MissingDependency>
      <MissingDependency>
        <Required key="51" type="1" schemaName="quote" displayName="Quote" solution="msdynce_Sales (9.0.4.0076)" />
        <Dependent key="49" type="60" displayName="Contact - Mobile" parentDisplayName="Contact" id="{28b5b9b6-dfa2-45d6-8a81-3f6ba02a098a}" />
      </MissingDependency>
      <MissingDependency>
        <Required key="15" type="20" displayName="Field Service - Resource" solution="FieldService (8.8.0.88)" id="{dc08bfde-da92-e111-9d8c-000c2959f9b8}" />
        <Dependent key="49" type="60" displayName="Contact - Mobile" parentDisplayName="Contact" id="{28b5b9b6-dfa2-45d6-8a81-3f6ba02a098a}" />
      </MissingDependency>
      <MissingDependency>
        <Required key="52" type="26" schemaName="My Project Contracts" displayName="My Project Contracts" parentSchemaName="salesorder" parentDisplayName="Order" solution="msdynce_Sales (9.0.4.0076)" id="{bc29f750-12a0-4eb5-ac08-698ef528f921}" />
        <Dependent key="49" type="60" displayName="Contact - Mobile" parentDisplayName="Contact" id="{28b5b9b6-dfa2-45d6-8a81-3f6ba02a098a}" />
      </MissingDependency>
      <MissingDependency>
        <Required key="53" type="26" schemaName="My Invoices" displayName="My Invoices" parentSchemaName="invoice" parentDisplayName="Invoice" solution="msdynce_Sales (9.0.4.0076)" id="{185e29de-5c32-42ef-a637-3605e445faf5}" />
        <Dependent key="49" type="60" displayName="Contact - Mobile" parentDisplayName="Contact" id="{28b5b9b6-dfa2-45d6-8a81-3f6ba02a098a}" />
      </MissingDependency>
      <MissingDependency>
        <Required key="54" type="26" schemaName="My Quotes" displayName="My Quotes" parentSchemaName="quote" parentDisplayName="Quote" solution="msdynce_Sales (9.0.4.0076)" id="{008fbb15-98e9-4c5d-a81a-e685ff8ccc2c}" />
        <Dependent key="49" type="60" displayName="Contact - Mobile" parentDisplayName="Contact" id="{28b5b9b6-dfa2-45d6-8a81-3f6ba02a098a}" />
      </MissingDependency>
      <MissingDependency>
        <Required key="55" type="59" schemaName="Actual Revenues By Fiscal Period" displayName="Actual Revenues By Fiscal Period" parentSchemaName="salesorder" parentDisplayName="Order" solution="msdynce_Sales (9.0.4.0076)" id="{888f9f6f-385f-df11-ae90-00155d2e3002}" />
        <Dependent key="49" type="60" displayName="Contact - Mobile" parentDisplayName="Contact" id="{28b5b9b6-dfa2-45d6-8a81-3f6ba02a098a}" />
      </MissingDependency>
      <MissingDependency>
        <Required key="49" type="60" displayName="Contact - Mobile" parentDisplayName="Contact" solution="FieldService (8.8.0.88)" id="{28b5b9b6-dfa2-45d6-8a81-3f6ba02a098a}" />
        <Dependent key="49" type="60" displayName="Contact - Mobile" parentDisplayName="Contact" id="{28b5b9b6-dfa2-45d6-8a81-3f6ba02a098a}" />
      </MissingDependency>
      <MissingDependency>
        <Required key="19" type="66" schemaName="Microsoft.AddressInputUCI" displayName="Microsoft.AddressInputUCI" solution="BaseCustomControlsCore (9.0.2104.1016)" />
        <Dependent key="49" type="60" displayName="Contact - Mobile" parentDisplayName="Contact" id="{28b5b9b6-dfa2-45d6-8a81-3f6ba02a098a}" />
      </MissingDependency>
      <MissingDependency>
        <Required key="43" type="61" schemaName="AppCommon/Contact/Contact_main_system_library.js" displayName="AppCommon/Contact/Contact_main_system_library.js" solution="msdynce_AppCommon (9.0.4.0066)" />
        <Dependent key="49" type="60" displayName="Contact - Mobile" parentDisplayName="Contact" id="{28b5b9b6-dfa2-45d6-8a81-3f6ba02a098a}" />
      </MissingDependency>
      <MissingDependency>
        <Required key="56" type="61" schemaName="msdyn_/Contact/Contact.Library.js" displayName="msdyn_/Contact/Contact.Library.js" solution="FieldService (8.8.0.88)" />
        <Dependent key="49" type="60" displayName="Contact - Mobile" parentDisplayName="Contact" id="{28b5b9b6-dfa2-45d6-8a81-3f6ba02a098a}" />
      </MissingDependency>
      <MissingDependency>
        <Required key="33" type="1" schemaName="incident" displayName="Case" solution="msdynce_Service (9.0.5.56)" />
        <Dependent key="57" type="60" displayName="Account for Multisession experience" parentDisplayName="Account" id="{ff49442f-8c60-4877-bdae-8fe51e6f4636}" />
      </MissingDependency>
      <MissingDependency>
        <Required key="27" type="2" schemaName="originatingleadid" displayName="Originating Lead" parentSchemaName="account" parentDisplayName="Account" solution="msdynce_LeadManagement (9.0.4.0066)" />
        <Dependent key="57" type="60" displayName="Account for Multisession experience" parentDisplayName="Account" id="{ff49442f-8c60-4877-bdae-8fe51e6f4636}" />
      </MissingDependency>
      <MissingDependency>
        <Required key="36" type="20" displayName="CSR Manager" solution="msdynce_Service (9.0.5.56)" id="{79308908-8dc5-41f1-a092-18df485caeb8}" parentId="{1808b939-dd07-4ca7-aa99-ddd2734378f1}" />
        <Dependent key="57" type="60" displayName="Account for Multisession experience" parentDisplayName="Account" id="{ff49442f-8c60-4877-bdae-8fe51e6f4636}" />
      </MissingDependency>
      <MissingDependency>
        <Required key="38" type="20" displayName="Customer Service Representative" solution="msdynce_Service (9.0.5.56)" id="{d1d2a7e0-af20-46ce-a3e1-d32c6d79d83c}" parentId="{ecfd0b44-5720-45e3-ae68-417ddb0fb654}" />
        <Dependent key="57" type="60" displayName="Account for Multisession experience" parentDisplayName="Account" id="{ff49442f-8c60-4877-bdae-8fe51e6f4636}" />
      </MissingDependency>
      <MissingDependency>
        <Required key="37" type="20" displayName="Customer service app access" solution="msdynce_Customerservicehub (9.0.5.0056)" id="{3dac4d9e-568c-e611-80d4-00155d42a122}" />
        <Dependent key="57" type="60" displayName="Account for Multisession experience" parentDisplayName="Account" id="{ff49442f-8c60-4877-bdae-8fe51e6f4636}" />
      </MissingDependency>
      <MissingDependency>
        <Required key="58" type="26" schemaName="Active Cases" displayName="Active Cases" parentSchemaName="incident" parentDisplayName="Case" solution="msdynce_Service (9.0.5.56)" id="{00000000-0000-0000-00aa-000010001032}" />
        <Dependent key="57" type="60" displayName="Account for Multisession experience" parentDisplayName="Account" id="{ff49442f-8c60-4877-bdae-8fe51e6f4636}" />
      </MissingDependency>
      <MissingDependency>
        <Required key="39" type="26" schemaName="My Active Cases" displayName="My Active Cases" parentSchemaName="incident" parentDisplayName="Case" solution="msdynce_Service (9.0.5.56)" id="{00000000-0000-0000-00aa-000010001028}" />
        <Dependent key="57" type="60" displayName="Account for Multisession experience" parentDisplayName="Account" id="{ff49442f-8c60-4877-bdae-8fe51e6f4636}" />
      </MissingDependency>
      <MissingDependency>
        <Required key="40" type="59" schemaName="Active Cases by Agent" displayName="Active Cases by Agent" parentSchemaName="incident" parentDisplayName="Case" solution="msdynce_Service (9.0.5.56)" id="{4143b74e-4a07-4d01-9ffe-2cdcaa4208fd}" />
        <Dependent key="57" type="60" displayName="Account for Multisession experience" parentDisplayName="Account" id="{ff49442f-8c60-4877-bdae-8fe51e6f4636}" />
      </MissingDependency>
      <MissingDependency>
        <Required key="31" type="60" displayName="account contact card" parentDisplayName="Contact" solution="msdynce_AppCommon (9.0.4.0066)" id="{29de27bc-a257-4f29-99cf-bab4a84e688f}" />
        <Dependent key="57" type="60" displayName="Account for Multisession experience" parentDisplayName="Account" id="{ff49442f-8c60-4877-bdae-8fe51e6f4636}" />
      </MissingDependency>
      <MissingDependency>
        <Required key="57" type="60" displayName="Account for Multisession experience" parentDisplayName="Account" solution="msdynce_ServicePatch201911 (9.0.21034.1013)" id="{ff49442f-8c60-4877-bdae-8fe51e6f4636}" />
        <Dependent key="57" type="60" displayName="Account for Multisession experience" parentDisplayName="Account" id="{ff49442f-8c60-4877-bdae-8fe51e6f4636}" />
      </MissingDependency>
      <MissingDependency>
        <Required key="42" type="61" schemaName="msdyn_/RecordWall.htm" displayName="msdyn_/RecordWall.htm" solution="ActivityFeedsCore (9.0.0.0005)" />
        <Dependent key="57" type="60" displayName="Account for Multisession experience" parentDisplayName="Account" id="{ff49442f-8c60-4877-bdae-8fe51e6f4636}" />
      </MissingDependency>
      <MissingDependency>
        <Required key="22" type="61" schemaName="AppCommon/Account/Account_main_system_library.js" displayName="AppCommon/Account/Account_main_system_library.js" solution="msdynce_AppCommon (9.0.4.0066)" />
        <Dependent key="57" type="60" displayName="Account for Multisession experience" parentDisplayName="Account" id="{ff49442f-8c60-4877-bdae-8fe51e6f4636}" />
      </MissingDependency>
      <MissingDependency>
        <Required key="44" type="61" schemaName="msdyn_/ActivityFeeds.Form.js" displayName="msdyn_/ActivityFeeds.Form.js" solution="ActivityFeedsCore (9.0.0.0005)" />
        <Dependent key="57" type="60" displayName="Account for Multisession experience" parentDisplayName="Account" id="{ff49442f-8c60-4877-bdae-8fe51e6f4636}" />
      </MissingDependency>
      <MissingDependency>
        <Required key="2" type="1" schemaName="msdyn_customerasset" displayName="Customer Asset" solution="msdyn_AssetCommon (1.0.7.96)" />
        <Dependent key="59" type="60" displayName="Account for Interactive experience" parentDisplayName="Account" id="{a72c7955-442b-4ea4-9499-b10cd18b4256}" />
      </MissingDependency>
      <MissingDependency>
        <Required key="27" type="2" schemaName="originatingleadid" displayName="Originating Lead" parentSchemaName="account" parentDisplayName="Account" solution="msdynce_LeadManagement (9.0.4.0066)" />
        <Dependent key="59" type="60" displayName="Account for Interactive experience" parentDisplayName="Account" id="{a72c7955-442b-4ea4-9499-b10cd18b4256}" />
      </MissingDependency>
      <MissingDependency>
        <Required key="12" type="10" schemaName="msdyn_account_msdyn_customerasset_Account" displayName="msdyn_account_msdyn_customerasset_Account" parentSchemaName="msdyn_customerasset" parentDisplayName="Customer Asset" solution="msdyn_AssetCommon (1.0.7.96)" />
        <Dependent key="59" type="60" displayName="Account for Interactive experience" parentDisplayName="Account" id="{a72c7955-442b-4ea4-9499-b10cd18b4256}" />
      </MissingDependency>
      <MissingDependency>
        <Required key="17" type="26" schemaName="Active Customer Assets" displayName="Active Customer Assets" parentSchemaName="msdyn_customerasset" parentDisplayName="Customer Asset" solution="msdyn_AssetCommon (1.0.7.96)" id="{6ecb03a4-acda-44ae-83e3-c60ba8338dbb}" />
        <Dependent key="59" type="60" displayName="Account for Interactive experience" parentDisplayName="Account" id="{a72c7955-442b-4ea4-9499-b10cd18b4256}" />
      </MissingDependency>
      <MissingDependency>
        <Required key="60" type="26" schemaName="Device associated view with alerts" displayName="Device associated view with alerts" parentSchemaName="msdyn_customerasset" parentDisplayName="Customer Asset" solution="msdyn_ConnectedCustomerService (9.0.20115.1014)" id="{38cc036f-fbfe-e911-a81c-000d3ac2c6cb}" />
        <Dependent key="59" type="60" displayName="Account for Interactive experience" parentDisplayName="Account" id="{a72c7955-442b-4ea4-9499-b10cd18b4256}" />
      </MissingDependency>
      <MissingDependency>
        <Required key="31" type="60" displayName="account contact card" parentDisplayName="Contact" solution="msdynce_AppCommon (9.0.4.0066)" id="{29de27bc-a257-4f29-99cf-bab4a84e688f}" />
        <Dependent key="59" type="60" displayName="Account for Interactive experience" parentDisplayName="Account" id="{a72c7955-442b-4ea4-9499-b10cd18b4256}" />
      </MissingDependency>
      <MissingDependency>
        <Required key="59" type="60" displayName="Account for Interactive experience" parentDisplayName="Account" solution="msdynce_AppCommon (9.0.4.0066)" id="{a72c7955-442b-4ea4-9499-b10cd18b4256}" />
        <Dependent key="59" type="60" displayName="Account for Interactive experience" parentDisplayName="Account" id="{a72c7955-442b-4ea4-9499-b10cd18b4256}" />
      </MissingDependency>
      <MissingDependency>
        <Required key="61" type="61" schemaName="msdyn_/ConnectedCustomerService/Account/AccountForm.js" displayName="msdyn_/ConnectedCustomerService/Account/AccountForm.js" solution="msdyn_ConnectedCustomerService (9.0.20115.1014)" />
        <Dependent key="59" type="60" displayName="Account for Interactive experience" parentDisplayName="Account" id="{a72c7955-442b-4ea4-9499-b10cd18b4256}" />
      </MissingDependency>
      <MissingDependency>
        <Required key="22" type="61" schemaName="AppCommon/Account/Account_main_system_library.js" displayName="AppCommon/Account/Account_main_system_library.js" solution="msdynce_AppCommon (9.0.4.0066)" />
        <Dependent key="59" type="60" displayName="Account for Interactive experience" parentDisplayName="Account" id="{a72c7955-442b-4ea4-9499-b10cd18b4256}" />
      </MissingDependency>
      <MissingDependency>
        <Required key="35" type="2" schemaName="originatingleadid" displayName="Originating Lead" parentSchemaName="contact" parentDisplayName="Contact" solution="msdynce_LeadManagement (9.0.4.0066)" />
        <Dependent key="62" type="60" displayName="Contact for Interactive experience" parentDisplayName="Contact" id="{cc760212-3eab-4009-b5c3-ea9cf6f3e141}" />
      </MissingDependency>
      <MissingDependency>
        <Required key="41" type="60" displayName="contact card" parentDisplayName="Contact" solution="msdynce_AppCommon (9.0.4.0066)" id="{707fc57b-c5e6-471b-a180-e37ed28a38e2}" />
        <Dependent key="62" type="60" displayName="Contact for Interactive experience" parentDisplayName="Contact" id="{cc760212-3eab-4009-b5c3-ea9cf6f3e141}" />
      </MissingDependency>
      <MissingDependency>
        <Required key="62" type="60" displayName="Contact for Interactive experience" parentDisplayName="Contact" solution="msdynce_LeadManagement (9.0.4.0066)" id="{cc760212-3eab-4009-b5c3-ea9cf6f3e141}" />
        <Dependent key="62" type="60" displayName="Contact for Interactive experience" parentDisplayName="Contact" id="{cc760212-3eab-4009-b5c3-ea9cf6f3e141}" />
      </MissingDependency>
      <MissingDependency>
        <Required key="43" type="61" schemaName="AppCommon/Contact/Contact_main_system_library.js" displayName="AppCommon/Contact/Contact_main_system_library.js" solution="msdynce_AppCommon (9.0.4.0066)" />
        <Dependent key="62" type="60" displayName="Contact for Interactive experience" parentDisplayName="Contact" id="{cc760212-3eab-4009-b5c3-ea9cf6f3e141}" />
      </MissingDependency>
      <MissingDependency>
        <Required key="63" type="2" schemaName="preferredequipmentid" displayName="Preferred Facility/Equipment" parentSchemaName="contact" parentDisplayName="Contact" solution="msdynce_Service (9.0.5.56)" />
        <Dependent key="64" type="60" displayName="Information" parentDisplayName="Contact" id="{894cc46a-b0cb-4ab0-8bf6-200544e46a2d}" />
      </MissingDependency>
      <MissingDependency>
        <Required key="35" type="2" schemaName="originatingleadid" displayName="Originating Lead" parentSchemaName="contact" parentDisplayName="Contact" solution="msdynce_LeadManagement (9.0.4.0066)" />
        <Dependent key="64" type="60" displayName="Information" parentDisplayName="Contact" id="{894cc46a-b0cb-4ab0-8bf6-200544e46a2d}" />
      </MissingDependency>
      <MissingDependency>
        <Required key="65" type="2" schemaName="defaultpricelevelid" displayName="Price List" parentSchemaName="contact" parentDisplayName="Contact" solution="msdynce_ProductManagement (9.0.4.0066)" />
        <Dependent key="64" type="60" displayName="Information" parentDisplayName="Contact" id="{894cc46a-b0cb-4ab0-8bf6-200544e46a2d}" />
      </MissingDependency>
      <MissingDependency>
        <Required key="66" type="2" schemaName="preferredserviceid" displayName="Preferred Service" parentSchemaName="contact" parentDisplayName="Contact" solution="msdynce_Service (9.0.5.56)" />
        <Dependent key="64" type="60" displayName="Information" parentDisplayName="Contact" id="{894cc46a-b0cb-4ab0-8bf6-200544e46a2d}" />
      </MissingDependency>
      <MissingDependency>
        <Required key="67" type="26" schemaName="Active Services" displayName="Active Services" parentSchemaName="service" parentDisplayName="Service" solution="msdynce_Service (9.0.5.56)" id="{2bd4de5e-a7b4-4f5d-8fde-eb3b62d8e2b2}" />
        <Dependent key="64" type="60" displayName="Information" parentDisplayName="Contact" id="{894cc46a-b0cb-4ab0-8bf6-200544e46a2d}" />
      </MissingDependency>
      <MissingDependency>
        <Required key="64" type="60" displayName="Information" parentDisplayName="Contact" solution="msdynce_AppCommon (9.0.4.0066)" id="{894cc46a-b0cb-4ab0-8bf6-200544e46a2d}" />
        <Dependent key="64" type="60" displayName="Information" parentDisplayName="Contact" id="{894cc46a-b0cb-4ab0-8bf6-200544e46a2d}" />
      </MissingDependency>
      <MissingDependency>
        <Required key="44" type="61" schemaName="msdyn_/ActivityFeeds.Form.js" displayName="msdyn_/ActivityFeeds.Form.js" solution="ActivityFeedsCore (9.0.0.0005)" />
        <Dependent key="64" type="60" displayName="Information" parentDisplayName="Contact" id="{894cc46a-b0cb-4ab0-8bf6-200544e46a2d}" />
      </MissingDependency>
      <MissingDependency>
        <Required key="42" type="61" schemaName="msdyn_/RecordWall.htm" displayName="msdyn_/RecordWall.htm" solution="ActivityFeedsCore (9.0.0.0005)" />
        <Dependent key="64" type="60" displayName="Information" parentDisplayName="Contact" id="{894cc46a-b0cb-4ab0-8bf6-200544e46a2d}" />
      </MissingDependency>
      <MissingDependency>
        <Required key="68" type="2" schemaName="businesscardattributes" displayName="BusinessCardAttributes" parentSchemaName="contact" parentDisplayName="Contact" solution="msdynce_SalesPatch201904 (9.0.1912.1007)" />
        <Dependent key="69" type="60" displayName="Contact Quick Create" parentDisplayName="Contact" id="{661157fe-2fc9-4eaa-835f-5bfa2f7b64f7}" />
      </MissingDependency>
      <MissingDependency>
        <Required key="70" type="2" schemaName="businesscard" displayName="Business Card" parentSchemaName="contact" parentDisplayName="Contact" solution="msdynce_SalesPatch201904 (9.0.1912.1007)" />
        <Dependent key="69" type="60" displayName="Contact Quick Create" parentDisplayName="Contact" id="{661157fe-2fc9-4eaa-835f-5bfa2f7b64f7}" />
      </MissingDependency>
      <MissingDependency>
        <Required key="69" type="60" displayName="Contact Quick Create" parentDisplayName="Contact" solution="msdynce_AppCommon (9.0.4.0066)" id="{661157fe-2fc9-4eaa-835f-5bfa2f7b64f7}" />
        <Dependent key="69" type="60" displayName="Contact Quick Create" parentDisplayName="Contact" id="{661157fe-2fc9-4eaa-835f-5bfa2f7b64f7}" />
      </MissingDependency>
      <MissingDependency>
        <Required key="71" type="66" schemaName="Intelligence.BusinessCardReaderControl.BusinessCardReader" displayName="Intelligence.BusinessCardReaderControl.BusinessCardReader" solution="BaseCustomControlsCore (9.0.2104.1016)" />
        <Dependent key="69" type="60" displayName="Contact Quick Create" parentDisplayName="Contact" id="{661157fe-2fc9-4eaa-835f-5bfa2f7b64f7}" />
      </MissingDependency>
      <MissingDependency>
        <Required key="10" type="10" schemaName="msdyn_account_msdyn_purchaseorder_Vendor" displayName="msdyn_account_msdyn_purchaseorder_Vendor" parentSchemaName="account" parentDisplayName="Account" solution="FieldServiceCommon (1.0.0.134)" />
        <Dependent key="72" type="60" displayName="Account" parentDisplayName="Account" id="{8448b78f-8f42-454e-8e2a-f8196b0419af}" />
      </MissingDependency>
      <MissingDependency>
        <Required key="12" type="10" schemaName="msdyn_account_msdyn_customerasset_Account" displayName="msdyn_account_msdyn_customerasset_Account" parentSchemaName="msdyn_customerasset" parentDisplayName="Customer Asset" solution="msdyn_AssetCommon (1.0.7.96)" />
        <Dependent key="72" type="60" displayName="Account" parentDisplayName="Account" id="{8448b78f-8f42-454e-8e2a-f8196b0419af}" />
      </MissingDependency>
      <MissingDependency>
        <Required key="73" type="10" schemaName="msdyn_account_msdyn_rtv_Vendor" displayName="msdyn_account_msdyn_rtv_Vendor" parentSchemaName="account" parentDisplayName="Account" solution="FieldService (8.8.0.88)" />
        <Dependent key="72" type="60" displayName="Account" parentDisplayName="Account" id="{8448b78f-8f42-454e-8e2a-f8196b0419af}" />
      </MissingDependency>
      <MissingDependency>
        <Required key="7" type="10" schemaName="msdyn_account_msdyn_workorder_ServiceAccount" displayName="msdyn_account_msdyn_workorder_ServiceAccount" parentSchemaName="account" parentDisplayName="Account" solution="FieldService (8.8.0.88)" />
        <Dependent key="72" type="60" displayName="Account" parentDisplayName="Account" id="{8448b78f-8f42-454e-8e2a-f8196b0419af}" />
      </MissingDependency>
      <MissingDependency>
        <Required key="74" type="10" schemaName="msdyn_account_msdyn_agreement_BillingAccount" displayName="msdyn_account_msdyn_agreement_BillingAccount" parentSchemaName="account" parentDisplayName="Account" solution="FieldService (8.8.0.88)" />
        <Dependent key="72" type="60" displayName="Account" parentDisplayName="Account" id="{8448b78f-8f42-454e-8e2a-f8196b0419af}" />
      </MissingDependency>
      <MissingDependency>
        <Required key="75" type="10" schemaName="msdyn_account_msdyn_accountpricelist_Account" displayName="msdyn_account_msdyn_accountpricelist_Account" parentSchemaName="account" parentDisplayName="Account" solution="ProjectService (3.10.0.31)" />
        <Dependent key="72" type="60" displayName="Account" parentDisplayName="Account" id="{8448b78f-8f42-454e-8e2a-f8196b0419af}" />
      </MissingDependency>
      <MissingDependency>
        <Required key="76" type="10" schemaName="msdyn_account_msdyn_rma_ServiceAccount" displayName="msdyn_account_msdyn_rma_ServiceAccount" parentSchemaName="account" parentDisplayName="Account" solution="FieldService (8.8.0.88)" />
        <Dependent key="72" type="60" displayName="Account" parentDisplayName="Account" id="{8448b78f-8f42-454e-8e2a-f8196b0419af}" />
      </MissingDependency>
      <MissingDependency>
        <Required key="77" type="10" schemaName="msdyn_account_msdyn_project_Customer" displayName="msdyn_account_msdyn_project_Customer" parentSchemaName="account" parentDisplayName="Account" solution="ProjectService (3.10.0.31)" />
        <Dependent key="72" type="60" displayName="Account" parentDisplayName="Account" id="{8448b78f-8f42-454e-8e2a-f8196b0419af}" />
      </MissingDependency>
      <MissingDependency>
        <Required key="8" type="10" schemaName="msdyn_account_msdyn_agreement_ServiceAccount" displayName="msdyn_account_msdyn_agreement_ServiceAccount" parentSchemaName="account" parentDisplayName="Account" solution="FieldService (8.8.0.88)" />
        <Dependent key="72" type="60" displayName="Account" parentDisplayName="Account" id="{8448b78f-8f42-454e-8e2a-f8196b0419af}" />
      </MissingDependency>
      <MissingDependency>
        <Required key="78" type="10" schemaName="msdyn_account_msdyn_payment_Account" displayName="msdyn_account_msdyn_payment_Account" parentSchemaName="account" parentDisplayName="Account" solution="FieldService (8.8.0.88)" />
        <Dependent key="72" type="60" displayName="Account" parentDisplayName="Account" id="{8448b78f-8f42-454e-8e2a-f8196b0419af}" />
      </MissingDependency>
      <MissingDependency>
        <Required key="11" type="10" schemaName="msdyn_account_account_BillingAccount" displayName="msdyn_account_account_BillingAccount" parentSchemaName="account" parentDisplayName="Account" solution="FieldServiceCommon (1.0.0.134)" />
        <Dependent key="72" type="60" displayName="Account" parentDisplayName="Account" id="{8448b78f-8f42-454e-8e2a-f8196b0419af}" />
      </MissingDependency>
      <MissingDependency>
        <Required key="79" type="10" schemaName="msdyn_account_msdyn_workorder_BillingAccount" displayName="msdyn_account_msdyn_workorder_BillingAccount" parentSchemaName="account" parentDisplayName="Account" solution="FieldService (8.8.0.88)" />
        <Dependent key="72" type="60" displayName="Account" parentDisplayName="Account" id="{8448b78f-8f42-454e-8e2a-f8196b0419af}" />
      </MissingDependency>
      <MissingDependency>
        <Required key="80" type="10" schemaName="msdyn_account_msdyn_rma_BillingAccount" displayName="msdyn_account_msdyn_rma_BillingAccount" parentSchemaName="account" parentDisplayName="Account" solution="FieldService (8.8.0.88)" />
        <Dependent key="72" type="60" displayName="Account" parentDisplayName="Account" id="{8448b78f-8f42-454e-8e2a-f8196b0419af}" />
      </MissingDependency>
      <MissingDependency>
        <Required key="72" type="60" displayName="Account" parentDisplayName="Account" solution="msdynce_AppCommon (9.0.4.0066)" id="{8448b78f-8f42-454e-8e2a-f8196b0419af}" />
        <Dependent key="72" type="60" displayName="Account" parentDisplayName="Account" id="{8448b78f-8f42-454e-8e2a-f8196b0419af}" />
      </MissingDependency>
      <MissingDependency>
        <Required key="21" type="66" schemaName="msdyn_MscrmControls.TreeView.TreeViewControl" displayName="msdyn_MscrmControls.TreeView.TreeViewControl" solution="msdyn_AssetCommon (1.0.7.96)" />
        <Dependent key="72" type="60" displayName="Account" parentDisplayName="Account" id="{8448b78f-8f42-454e-8e2a-f8196b0419af}" />
      </MissingDependency>
      <MissingDependency>
        <Required key="19" type="66" schemaName="Microsoft.AddressInputUCI" displayName="Microsoft.AddressInputUCI" solution="BaseCustomControlsCore (9.0.2104.1016)" />
        <Dependent key="72" type="60" displayName="Account" parentDisplayName="Account" id="{8448b78f-8f42-454e-8e2a-f8196b0419af}" />
      </MissingDependency>
      <MissingDependency>
        <Required key="22" type="61" schemaName="AppCommon/Account/Account_main_system_library.js" displayName="AppCommon/Account/Account_main_system_library.js" solution="msdynce_AppCommon (9.0.4.0066)" />
        <Dependent key="72" type="60" displayName="Account" parentDisplayName="Account" id="{8448b78f-8f42-454e-8e2a-f8196b0419af}" />
      </MissingDependency>
      <MissingDependency>
        <Required key="81" type="60" displayName="TimelineWallControl - Contact - Main" parentDisplayName="Contact" solution="OmnichannelBase (1.5.0.383)" id="{986258b5-2985-4ae0-970a-5e1d108ab793}" />
        <Dependent key="81" type="60" displayName="TimelineWallControl - Contact - Main" parentDisplayName="Contact" id="{986258b5-2985-4ae0-970a-5e1d108ab793}" />
      </MissingDependency>
      <MissingDependency>
        <Required key="43" type="61" schemaName="AppCommon/Contact/Contact_main_system_library.js" displayName="AppCommon/Contact/Contact_main_system_library.js" solution="msdynce_AppCommon (9.0.4.0066)" />
        <Dependent key="81" type="60" displayName="TimelineWallControl - Contact - Main" parentDisplayName="Contact" id="{986258b5-2985-4ae0-970a-5e1d108ab793}" />
      </MissingDependency>
      <MissingDependency>
        <Required key="82" type="60" displayName="TimelineWallControl - Account- Main" parentDisplayName="Account" solution="OmnichannelBase (1.5.0.383)" id="{6df8e8ce-7655-468c-925e-660d59aa7f4c}" />
        <Dependent key="82" type="60" displayName="TimelineWallControl - Account- Main" parentDisplayName="Account" id="{6df8e8ce-7655-468c-925e-660d59aa7f4c}" />
      </MissingDependency>
      <MissingDependency>
        <Required key="22" type="61" schemaName="AppCommon/Account/Account_main_system_library.js" displayName="AppCommon/Account/Account_main_system_library.js" solution="msdynce_AppCommon (9.0.4.0066)" />
        <Dependent key="82" type="60" displayName="TimelineWallControl - Account- Main" parentDisplayName="Account" id="{6df8e8ce-7655-468c-925e-660d59aa7f4c}" />
      </MissingDependency>
      <MissingDependency>
        <Required key="83" type="60" displayName="Contact" parentDisplayName="Contact" solution="msdynce_AppCommon (9.0.4.0066)" id="{1fed44d1-ae68-4a41-bd2b-f13acac4acfa}" />
        <Dependent key="83" type="60" displayName="Contact" parentDisplayName="Contact" id="{1fed44d1-ae68-4a41-bd2b-f13acac4acfa}" />
      </MissingDependency>
      <MissingDependency>
        <Required key="43" type="61" schemaName="AppCommon/Contact/Contact_main_system_library.js" displayName="AppCommon/Contact/Contact_main_system_library.js" solution="msdynce_AppCommon (9.0.4.0066)" />
        <Dependent key="83" type="60" displayName="Contact" parentDisplayName="Contact" id="{1fed44d1-ae68-4a41-bd2b-f13acac4acfa}" />
      </MissingDependency>
      <MissingDependency>
        <Required key="84" type="61" schemaName="Sales/ClientCommon/Sales_ClientCommon.js" displayName="Sales/ClientCommon/Sales_ClientCommon.js" solution="msdynce_Sales (9.0.4.0076)" />
        <Dependent key="83" type="60" displayName="Contact" parentDisplayName="Contact" id="{1fed44d1-ae68-4a41-bd2b-f13acac4acfa}" />
      </MissingDependency>
      <MissingDependency>
        <Required key="85" type="61" schemaName="Sales/Contact/Contact_main_system_library.js" displayName="Sales/Contact/Contact_main_system_library.js" solution="msdynce_SalesPatch201904 (9.0.1912.1007)" />
        <Dependent key="83" type="60" displayName="Contact" parentDisplayName="Contact" id="{1fed44d1-ae68-4a41-bd2b-f13acac4acfa}" />
      </MissingDependency>
    </MissingDependencies>
  </SolutionManifest>
</ImportExportXml>